"","operator","market_level_route","1965","1966","1967","1968","1969","1970","1971","1972","1973","1974","1975","1976","1977","1978","1979","1980","1981","1982","1983","1984","1985","1986","1987","1988","1989","1990","1991","1992"
"1","d'Amico","Transatlantic","cartel","cartel","cartel","cartel","cartel","cartel","cartel","cartel","cartel","cartel","cartel","cartel","cartel","cartel","cartel","cartel","cartel","cartel","cartel","cartel","cartel","cartel","cartel","cartel","cartel","cartel","cartel","cartel"
"2","Farrell Lines","Transatlantic","cartel","cartel","cartel","cartel","cartel","cartel","cartel","cartel","cartel","cartel","cartel","cartel","cartel","cartel","cartel","cartel","cartel","cartel","cartel","cartel","cartel","cartel","cartel","cartel","cartel","cartel","cartel","cartel"
"3","Grancolombiana","Transatlantic","noncartel","noncartel","noncartel","noncartel","noncartel","noncartel","noncartel","noncartel","noncartel","noncartel","noncartel","noncartel","noncartel","noncartel","noncartel","noncartel","noncartel","noncartel","noncartel","noncartel","noncartel","noncartel","noncartel","noncartel","noncartel","noncartel","noncartel","noncartel"
"4","Lykes Lines","Transatlantic","cartel","cartel","cartel","cartel","cartel","cartel","cartel","cartel","cartel","cartel","cartel","cartel","cartel","cartel","cartel","cartel","cartel","cartel","cartel","cartel","cartel","cartel","cartel","cartel","cartel","cartel","cartel","cartel"
"5","Moore-McCormack Lines Inc","Transatlantic","noncartel","noncartel","noncartel","noncartel","noncartel","noncartel","noncartel","noncartel","noncartel","noncartel","noncartel","noncartel","noncartel","noncartel","noncartel","noncartel","noncartel","noncartel","noncartel","noncartel","noncartel","noncartel","noncartel","noncartel","noncartel","noncartel","noncartel","noncartel"
"6","Sea-Land","Transatlantic","cartel","cartel","cartel","cartel","cartel","cartel","cartel","cartel","cartel","cartel","cartel","cartel","cartel","cartel","cartel","cartel","cartel","cartel","cartel","cartel","cartel","cartel","cartel","cartel","cartel","cartel","cartel","cartel"
"7","Star Shipping","Transatlantic","noncartel","noncartel","noncartel","noncartel","noncartel","noncartel","noncartel","noncartel","noncartel","noncartel","noncartel","noncartel","noncartel","noncartel","noncartel","noncartel","noncartel","noncartel","noncartel","noncartel","noncartel","noncartel","noncartel","noncartel","noncartel","noncartel","noncartel","noncartel"
"8","United States Lines","Transatlantic","cartel","cartel","cartel","cartel","cartel","cartel","cartel","cartel","cartel","cartel","cartel","cartel","cartel","cartel","cartel","cartel","cartel","cartel","cartel","cartel","cartel","cartel","cartel","cartel","cartel","cartel","cartel","cartel"
"9","Farrell Lines","Transpacific","cartel","cartel","cartel","cartel","cartel","cartel","cartel","cartel","cartel","cartel","cartel","cartel","cartel","cartel","cartel","cartel","cartel","cartel","cartel","cartel","cartel","cartel","cartel","cartel","cartel","cartel","cartel","cartel"
"10","Galleon","Transpacific","cartel","cartel","cartel","cartel","cartel","cartel","cartel","cartel","cartel","cartel","cartel","cartel","cartel","cartel","cartel","cartel","cartel","cartel","cartel","cartel","cartel","cartel","cartel","cartel","cartel","cartel","cartel","cartel"
"11","Knutsen Line","Transpacific","cartel","cartel","cartel","cartel","cartel","cartel","cartel","cartel","cartel","cartel","cartel","cartel","cartel","cartel","cartel","cartel","cartel","cartel","cartel","cartel","cartel","cartel","cartel","cartel","cartel","cartel","cartel","cartel"
"12","Lykes Lines","Transpacific","cartel","cartel","cartel","cartel","cartel","cartel","cartel","cartel","cartel","cartel","cartel","cartel","cartel","cartel","cartel","cartel","cartel","cartel","cartel","cartel","cartel","cartel","cartel","cartel","cartel","cartel","cartel","cartel"
"13","Matson","Transpacific","noncartel","noncartel","noncartel","noncartel","noncartel","noncartel","noncartel","noncartel","noncartel","noncartel","noncartel","noncartel","noncartel","noncartel","noncartel","noncartel","noncartel","noncartel","noncartel","noncartel","noncartel","noncartel","noncartel","noncartel","noncartel","noncartel","noncartel","noncartel"
"14","Jadroplov International Maritime Transport Ltd","Transatlantic",NA,"noncartel","noncartel","noncartel","noncartel","noncartel","noncartel","noncartel","noncartel","noncartel","noncartel","noncartel","noncartel","noncartel","noncartel","noncartel","noncartel","noncartel","noncartel","noncartel","noncartel","noncartel","noncartel","noncartel","noncartel","noncartel","noncartel","noncartel"
"15","Seatrain Lines","Transatlantic",NA,"noncartel","noncartel","noncartel","noncartel","noncartel","noncartel","noncartel","noncartel","noncartel","noncartel","noncartel","noncartel","noncartel","noncartel","noncartel","noncartel","noncartel","noncartel","noncartel","noncartel","noncartel","noncartel","noncartel","noncartel","noncartel","noncartel","noncartel"
"16","Maersk","Asia and Eur",NA,NA,"cartel","cartel","cartel","cartel","cartel","cartel","cartel","cartel","cartel","cartel","cartel","cartel","cartel","cartel","cartel","cartel","cartel","cartel","cartel","cartel","cartel","cartel","cartel","cartel","cartel","cartel"
"17","ScanDutch","Asia and Eur",NA,NA,"cartel","cartel","cartel","cartel","cartel","cartel","cartel","cartel","cartel","cartel","cartel","cartel","cartel","cartel","cartel","cartel","cartel","cartel","cartel","cartel","cartel","cartel","cartel","cartel","cartel","cartel"
"18","Atlantic Container Line","Transatlantic",NA,NA,"cartel","cartel","cartel","cartel","cartel","cartel","cartel","cartel","cartel","cartel","cartel","cartel","cartel","cartel","cartel","cartel","cartel","cartel","cartel","cartel","cartel","cartel","cartel","cartel","cartel","cartel"
"19","Baltic Shipping Co A/S","Transatlantic",NA,NA,"noncartel","noncartel","noncartel","noncartel","noncartel","noncartel","noncartel","noncartel","noncartel","noncartel","noncartel","noncartel","noncartel","noncartel","noncartel","noncartel","noncartel","noncartel","noncartel","noncartel","noncartel","noncartel","noncartel","noncartel","noncartel","noncartel"
"20","Cie Generale Maritime","Transatlantic",NA,NA,"cartel","cartel","cartel","cartel","cartel","cartel","cartel","cartel","cartel","cartel","cartel","cartel","cartel","cartel","cartel","cartel","cartel","cartel","cartel","cartel","cartel","cartel","cartel","cartel","cartel","cartel"
"21","GSAL","Transatlantic",NA,NA,"noncartel","noncartel","noncartel","noncartel","noncartel","noncartel","noncartel","noncartel","noncartel","noncartel","noncartel","noncartel","noncartel","noncartel","noncartel","noncartel","noncartel","noncartel","noncartel","noncartel","noncartel","noncartel","noncartel","noncartel","noncartel","noncartel"
"22","Ybarra","Transatlantic",NA,NA,"noncartel","noncartel","noncartel","noncartel","noncartel","noncartel","noncartel","noncartel","noncartel","noncartel","noncartel","noncartel","noncartel","noncartel","noncartel","noncartel","noncartel","noncartel","noncartel","noncartel","noncartel","noncartel","noncartel","noncartel","noncartel","noncartel"
"23","Hoegh Lines","Transpacific",NA,NA,"noncartel","noncartel","noncartel","noncartel","noncartel","noncartel","noncartel","noncartel","noncartel","noncartel","noncartel","noncartel","noncartel","noncartel","noncartel","noncartel","noncartel","noncartel","noncartel","noncartel","noncartel","noncartel","noncartel","noncartel","noncartel","noncartel"
"24","Maersk","Transpacific",NA,NA,"cartel","cartel","cartel","cartel","cartel","cartel","cartel","cartel","cartel","cartel","cartel","cartel","cartel","cartel","cartel","cartel","cartel","cartel","cartel","cartel","cartel","cartel","cartel","cartel","cartel","cartel"
"25","Hapag-Lloyd","Transatlantic",NA,NA,NA,"cartel","cartel","cartel","cartel","cartel","cartel","cartel","cartel","cartel","cartel","cartel","cartel","cartel","cartel","cartel","cartel","cartel","cartel","cartel","cartel","cartel","cartel","cartel","cartel","cartel"
"26","Manchester Liners","Transatlantic",NA,NA,NA,"cartel","cartel","cartel","cartel","cartel","cartel","cartel","cartel","cartel","cartel","cartel","cartel","cartel","cartel","cartel","cartel","cartel","cartel","cartel","cartel","cartel","cartel","cartel","cartel","cartel"
"27","American Mail Line","Transpacific",NA,NA,NA,"noncartel","noncartel","noncartel","noncartel","noncartel","noncartel","noncartel","noncartel","noncartel","noncartel","noncartel","noncartel","noncartel","noncartel","noncartel","noncartel","noncartel","noncartel","noncartel","noncartel","noncartel","noncartel","noncartel","noncartel","noncartel"
"28","American President Lines","Transpacific",NA,NA,NA,"cartel","cartel","cartel","cartel","cartel","cartel","cartel","cartel","cartel","cartel","cartel","cartel","cartel","cartel","cartel","cartel","cartel","cartel","cartel","cartel","cartel","cartel","cartel","cartel","cartel"
"29","Japanese joint service","Transpacific",NA,NA,NA,"cartel","cartel","cartel","cartel","cartel","cartel","cartel","cartel","cartel","cartel","cartel","cartel","cartel","cartel","cartel","cartel","cartel","cartel","cartel","cartel","cartel","cartel","cartel","cartel","cartel"
"30","NYK","Transpacific",NA,NA,NA,"cartel","cartel","cartel","cartel","cartel","cartel","cartel","cartel","cartel","cartel","cartel","cartel","cartel","cartel","cartel","cartel","cartel","cartel","cartel","cartel","cartel","cartel","cartel","cartel","cartel"
"31","Star Shipping","Transpacific",NA,NA,NA,"noncartel","noncartel","noncartel","noncartel","noncartel","noncartel","noncartel","noncartel","noncartel","noncartel","noncartel","noncartel","noncartel","noncartel","noncartel","noncartel","noncartel","noncartel","noncartel","noncartel","noncartel","noncartel","noncartel","noncartel","noncartel"
"32","American Export Lines","Transatlantic",NA,NA,NA,NA,"noncartel","noncartel","noncartel","noncartel","noncartel","noncartel","noncartel","noncartel","noncartel","noncartel","noncartel","noncartel","noncartel","noncartel","noncartel","noncartel","noncartel","noncartel","noncartel","noncartel","noncartel","noncartel","noncartel","noncartel"
"33","Cast Line","Transatlantic",NA,NA,NA,NA,"noncartel","noncartel","noncartel","noncartel","noncartel","noncartel","noncartel","noncartel","noncartel","noncartel","noncartel","noncartel","noncartel","noncartel","noncartel","noncartel","noncartel","noncartel","noncartel","noncartel","noncartel","noncartel","noncartel","noncartel"
"34","CP Ships","Transatlantic",NA,NA,NA,NA,"cartel","cartel","cartel","cartel","cartel","cartel","cartel","cartel","cartel","cartel","cartel","cartel","cartel","cartel","cartel","cartel","cartel","cartel","cartel","cartel","cartel","cartel","cartel","cartel"
"35","Johnson-Scanstar","Transatlantic",NA,NA,NA,NA,"noncartel","noncartel","noncartel","noncartel","noncartel","noncartel","noncartel","noncartel","noncartel","noncartel","noncartel","noncartel","noncartel","noncartel","noncartel","noncartel","noncartel","noncartel","noncartel","noncartel","noncartel","noncartel","noncartel","noncartel"
"36","Johnson Line","Transatlantic",NA,NA,NA,NA,"noncartel","noncartel","noncartel","noncartel","noncartel","noncartel","noncartel","noncartel","noncartel","noncartel","noncartel","noncartel","noncartel","noncartel","noncartel","noncartel","noncartel","noncartel","noncartel","noncartel","noncartel","noncartel","noncartel","noncartel"
"37","Joon Liner","Transatlantic",NA,NA,NA,NA,"noncartel","noncartel","noncartel","noncartel","noncartel","noncartel","noncartel","noncartel","noncartel","noncartel","noncartel","noncartel","noncartel","noncartel","noncartel","noncartel","noncartel","noncartel","noncartel","noncartel","noncartel","noncartel","noncartel","noncartel"
"38","Marasia","Transatlantic",NA,NA,NA,NA,"noncartel","noncartel","noncartel","noncartel","noncartel","noncartel","noncartel","noncartel","noncartel","noncartel","noncartel","noncartel","noncartel","noncartel","noncartel","noncartel","noncartel","noncartel","noncartel","noncartel","noncartel","noncartel","noncartel","noncartel"
"39","Uiterwyck Lines","Transatlantic",NA,NA,NA,NA,"noncartel","noncartel","noncartel","noncartel","noncartel","noncartel","noncartel","noncartel","noncartel","noncartel","noncartel","noncartel","noncartel","noncartel","noncartel","noncartel","noncartel","noncartel","noncartel","noncartel","noncartel","noncartel","noncartel","noncartel"
"40","Universal Americas Lines","Transatlantic",NA,NA,NA,NA,"noncartel","noncartel","noncartel","noncartel","noncartel","noncartel","noncartel","noncartel","noncartel","noncartel","noncartel","noncartel","noncartel","noncartel","noncartel","noncartel","noncartel","noncartel","noncartel","noncartel","noncartel","noncartel","noncartel","noncartel"
"41","Great Eastern Shipping Corp","Transpacific",NA,NA,NA,NA,"noncartel","noncartel","noncartel","noncartel","noncartel","noncartel","noncartel","noncartel","noncartel","noncartel","noncartel","noncartel","noncartel","noncartel","noncartel","noncartel","noncartel","noncartel","noncartel","noncartel","noncartel","noncartel","noncartel","noncartel"
"42","Yangming","Transpacific",NA,NA,NA,NA,"noncartel","noncartel","noncartel","noncartel","noncartel","noncartel","noncartel","noncartel","noncartel","noncartel","noncartel","noncartel","noncartel","noncartel","noncartel","noncartel","noncartel","noncartel","noncartel","noncartel","noncartel","noncartel","noncartel","noncartel"
"43","Cosco","Asia and Eur",NA,NA,NA,NA,NA,"noncartel","noncartel","noncartel","noncartel","noncartel","noncartel","noncartel","noncartel","noncartel","noncartel","noncartel","noncartel","noncartel","noncartel","noncartel","noncartel","noncartel","noncartel","noncartel","noncartel","noncartel","noncartel","noncartel"
"44","MSC","Asia and Eur",NA,NA,NA,NA,NA,"noncartel","noncartel","noncartel","noncartel","noncartel","noncartel","noncartel","noncartel","noncartel","noncartel","noncartel","noncartel","noncartel","noncartel","noncartel","noncartel","noncartel","noncartel","noncartel","noncartel","noncartel","noncartel","noncartel"
"45","Navale et Commerciale Havraise Peninsulaire","Asia and Eur",NA,NA,NA,NA,NA,"noncartel","noncartel","noncartel","noncartel","noncartel","noncartel","noncartel","noncartel","noncartel","noncartel","noncartel","noncartel","noncartel","noncartel","noncartel","noncartel","noncartel","noncartel","noncartel","noncartel","noncartel","noncartel","noncartel"
"46","Atkabtuca SpA","Transatlantic",NA,NA,NA,NA,NA,"noncartel","noncartel","noncartel","noncartel","noncartel","noncartel","noncartel","noncartel","noncartel","noncartel","noncartel","noncartel","noncartel","noncartel","noncartel","noncartel","noncartel","noncartel","noncartel","noncartel","noncartel","noncartel","noncartel"
"47","Ciamar","Transatlantic",NA,NA,NA,NA,NA,"noncartel","noncartel","noncartel","noncartel","noncartel","noncartel","noncartel","noncartel","noncartel","noncartel","noncartel","noncartel","noncartel","noncartel","noncartel","noncartel","noncartel","noncartel","noncartel","noncartel","noncartel","noncartel","noncartel"
"48","Dart Containerline","Transatlantic",NA,NA,NA,NA,NA,"cartel","cartel","cartel","cartel","cartel","cartel","cartel","cartel","cartel","cartel","cartel","cartel","cartel","cartel","cartel","cartel","cartel","cartel","cartel","cartel","cartel","cartel","cartel"
"49","Lash Carriers","Transatlantic",NA,NA,NA,NA,NA,"noncartel","noncartel","noncartel","noncartel","noncartel","noncartel","noncartel","noncartel","noncartel","noncartel","noncartel","noncartel","noncartel","noncartel","noncartel","noncartel","noncartel","noncartel","noncartel","noncartel","noncartel","noncartel","noncartel"
"50","Lauro","Transatlantic",NA,NA,NA,NA,NA,"cartel","cartel","cartel","cartel","cartel","cartel","cartel","cartel","cartel","cartel","cartel","cartel","cartel","cartel","cartel","cartel","cartel","cartel","cartel","cartel","cartel","cartel","cartel"
"51","Prudential Grace Line","Transatlantic",NA,NA,NA,NA,NA,"cartel","cartel","cartel","cartel","cartel","cartel","cartel","cartel","cartel","cartel","cartel","cartel","cartel","cartel","cartel","cartel","cartel","cartel","cartel","cartel","cartel","cartel","cartel"
"52","Prudential Lines","Transatlantic",NA,NA,NA,NA,NA,"noncartel","noncartel","noncartel","noncartel","noncartel","noncartel","noncartel","noncartel","noncartel","noncartel","noncartel","noncartel","noncartel","noncartel","noncartel","noncartel","noncartel","noncartel","noncartel","noncartel","noncartel","noncartel","noncartel"
"53","Unimex/Deppe","Transatlantic",NA,NA,NA,NA,NA,"noncartel","noncartel","noncartel","noncartel","noncartel","noncartel","noncartel","noncartel","noncartel","noncartel","noncartel","noncartel","noncartel","noncartel","noncartel","noncartel","noncartel","noncartel","noncartel","noncartel","noncartel","noncartel","noncartel"
"54","Zim","Transatlantic",NA,NA,NA,NA,NA,"cartel","cartel","cartel","cartel","cartel","cartel","cartel","cartel","cartel","cartel","cartel","cartel","cartel","cartel","cartel","cartel","cartel","cartel","cartel","cartel","cartel","cartel","cartel"
"55","Nedlloyd","Transpacific",NA,NA,NA,NA,NA,"cartel","cartel","cartel","cartel","cartel","cartel","cartel","cartel","cartel","cartel","cartel","cartel","cartel","cartel","cartel","cartel","cartel","cartel","cartel","cartel","cartel","cartel","cartel"
"56","Seaway Express Lines","Transpacific",NA,NA,NA,NA,NA,"noncartel","noncartel","noncartel","noncartel","noncartel","noncartel","noncartel","noncartel","noncartel","noncartel","noncartel","noncartel","noncartel","noncartel","noncartel","noncartel","noncartel","noncartel","noncartel","noncartel","noncartel","noncartel","noncartel"
"57","NYK","Asia and Eur",NA,NA,NA,NA,NA,NA,"cartel","cartel","cartel","cartel","cartel","cartel","cartel","cartel","cartel","cartel","cartel","cartel","cartel","cartel","cartel","cartel","cartel","cartel","cartel","cartel","cartel","cartel"
"58","Samudera","Asia and Eur",NA,NA,NA,NA,NA,NA,"noncartel","noncartel","noncartel","noncartel","noncartel","noncartel","noncartel","noncartel","noncartel","noncartel","noncartel","noncartel","noncartel","noncartel","noncartel","noncartel","noncartel","noncartel","noncartel","noncartel","noncartel","noncartel"
"59","The Unithai Line Ltd","Asia and Eur",NA,NA,NA,NA,NA,NA,"noncartel","noncartel","noncartel","noncartel","noncartel","noncartel","noncartel","noncartel","noncartel","noncartel","noncartel","noncartel","noncartel","noncartel","noncartel","noncartel","noncartel","noncartel","noncartel","noncartel","noncartel","noncartel"
"60","TRIO","Asia and Eur",NA,NA,NA,NA,NA,NA,"cartel","cartel","cartel","cartel","cartel","cartel","cartel","cartel","cartel","cartel","cartel","cartel","cartel","cartel","cartel","cartel","cartel","cartel","cartel","cartel","cartel","cartel"
"61","ABC Container Line","Transatlantic",NA,NA,NA,NA,NA,NA,"noncartel","noncartel","noncartel","noncartel","noncartel","noncartel","noncartel","noncartel","noncartel","noncartel","noncartel","noncartel","noncartel","noncartel","noncartel","noncartel","noncartel","noncartel","noncartel","noncartel","noncartel","noncartel"
"62","Canmar","Transatlantic",NA,NA,NA,NA,NA,NA,"noncartel","noncartel","noncartel","noncartel","noncartel","noncartel","noncartel","noncartel","noncartel","noncartel","noncartel","noncartel","noncartel","noncartel","noncartel","noncartel","noncartel","noncartel","noncartel","noncartel","noncartel","noncartel"
"63","Cia Transatlantica Espanola","Transatlantic",NA,NA,NA,NA,NA,NA,"noncartel","noncartel","noncartel","noncartel","noncartel","noncartel","noncartel","noncartel","noncartel","noncartel","noncartel","noncartel","noncartel","noncartel","noncartel","noncartel","noncartel","noncartel","noncartel","noncartel","noncartel","noncartel"
"64","Contenemar SA","Transatlantic",NA,NA,NA,NA,NA,NA,"noncartel","noncartel","noncartel","noncartel","noncartel","noncartel","noncartel","noncartel","noncartel","noncartel","noncartel","noncartel","noncartel","noncartel","noncartel","noncartel","noncartel","noncartel","noncartel","noncartel","noncartel","noncartel"
"65","Finnlines","Transatlantic",NA,NA,NA,NA,NA,NA,"noncartel","noncartel","noncartel","noncartel","noncartel","noncartel","noncartel","noncartel","noncartel","noncartel","noncartel","noncartel","noncartel","noncartel","noncartel","noncartel","noncartel","noncartel","noncartel","noncartel","noncartel","noncartel"
"66","Italia","Transatlantic",NA,NA,NA,NA,NA,NA,"noncartel","noncartel","noncartel","noncartel","noncartel","noncartel","noncartel","noncartel","noncartel","noncartel","noncartel","noncartel","noncartel","noncartel","noncartel","noncartel","noncartel","noncartel","noncartel","noncartel","noncartel","noncartel"
"67","Italia marittima SpA","Transatlantic",NA,NA,NA,NA,NA,NA,"noncartel","noncartel","noncartel","noncartel","noncartel","noncartel","noncartel","noncartel","noncartel","noncartel","noncartel","noncartel","noncartel","noncartel","noncartel","noncartel","noncartel","noncartel","noncartel","noncartel","noncartel","noncartel"
"68","Nedlloyd","Transatlantic",NA,NA,NA,NA,NA,NA,"cartel","cartel","cartel","cartel","cartel","cartel","cartel","cartel","cartel","cartel","cartel","cartel","cartel","cartel","cartel","cartel","cartel","cartel","cartel","cartel","cartel","cartel"
"69","New England Express Line","Transatlantic",NA,NA,NA,NA,NA,NA,"noncartel","noncartel","noncartel","noncartel","noncartel","noncartel","noncartel","noncartel","noncartel","noncartel","noncartel","noncartel","noncartel","noncartel","noncartel","noncartel","noncartel","noncartel","noncartel","noncartel","noncartel","noncartel"
"70","OOCL","Transatlantic",NA,NA,NA,NA,NA,NA,"cartel","cartel","cartel","cartel","cartel","cartel","cartel","cartel","cartel","cartel","cartel","cartel","cartel","cartel","cartel","cartel","cartel","cartel","cartel","cartel","cartel","cartel"
"71","TMM","Transatlantic",NA,NA,NA,NA,NA,NA,"noncartel","noncartel","noncartel","noncartel","noncartel","noncartel","noncartel","noncartel","noncartel","noncartel","noncartel","noncartel","noncartel","noncartel","noncartel","noncartel","noncartel","noncartel","noncartel","noncartel","noncartel","noncartel"
"72","American Export Lines","Transpacific",NA,NA,NA,NA,NA,NA,"noncartel","noncartel","noncartel","noncartel","noncartel","noncartel","noncartel","noncartel","noncartel","noncartel","noncartel","noncartel","noncartel","noncartel","noncartel","noncartel","noncartel","noncartel","noncartel","noncartel","noncartel","noncartel"
"73","Frota Oceanica","Transpacific",NA,NA,NA,NA,NA,NA,"noncartel","noncartel","noncartel","noncartel","noncartel","noncartel","noncartel","noncartel","noncartel","noncartel","noncartel","noncartel","noncartel","noncartel","noncartel","noncartel","noncartel","noncartel","noncartel","noncartel","noncartel","noncartel"
"74","Hanjin","Transpacific",NA,NA,NA,NA,NA,NA,"cartel","cartel","cartel","cartel","cartel","cartel","cartel","cartel","cartel","cartel","cartel","cartel","cartel","cartel","cartel","cartel","cartel","cartel","cartel","cartel","cartel","cartel"
"75","Hellenic Lines","Transpacific",NA,NA,NA,NA,NA,NA,"cartel","cartel","cartel","cartel","cartel","cartel","cartel","cartel","cartel","cartel","cartel","cartel","cartel","cartel","cartel","cartel","cartel","cartel","cartel","cartel","cartel","cartel"
"76","K-Line","Transpacific",NA,NA,NA,NA,NA,NA,"cartel","cartel","cartel","cartel","cartel","cartel","cartel","cartel","cartel","cartel","cartel","cartel","cartel","cartel","cartel","cartel","cartel","cartel","cartel","cartel","cartel","cartel"
"77","KSC","Transpacific",NA,NA,NA,NA,NA,NA,"noncartel","noncartel","noncartel","noncartel","noncartel","noncartel","noncartel","noncartel","noncartel","noncartel","noncartel","noncartel","noncartel","noncartel","noncartel","noncartel","noncartel","noncartel","noncartel","noncartel","noncartel","noncartel"
"78","OOCL","Transpacific",NA,NA,NA,NA,NA,NA,"cartel","cartel","cartel","cartel","cartel","cartel","cartel","cartel","cartel","cartel","cartel","cartel","cartel","cartel","cartel","cartel","cartel","cartel","cartel","cartel","cartel","cartel"
"79","Pacific Far East Line","Transpacific",NA,NA,NA,NA,NA,NA,"noncartel","noncartel","noncartel","noncartel","noncartel","noncartel","noncartel","noncartel","noncartel","noncartel","noncartel","noncartel","noncartel","noncartel","noncartel","noncartel","noncartel","noncartel","noncartel","noncartel","noncartel","noncartel"
"80","Phoenix Container Line","Transpacific",NA,NA,NA,NA,NA,NA,"noncartel","noncartel","noncartel","noncartel","noncartel","noncartel","noncartel","noncartel","noncartel","noncartel","noncartel","noncartel","noncartel","noncartel","noncartel","noncartel","noncartel","noncartel","noncartel","noncartel","noncartel","noncartel"
"81","The Shipping Corporation of India Ltd","Transpacific",NA,NA,NA,NA,NA,NA,"noncartel","noncartel","noncartel","noncartel","noncartel","noncartel","noncartel","noncartel","noncartel","noncartel","noncartel","noncartel","noncartel","noncartel","noncartel","noncartel","noncartel","noncartel","noncartel","noncartel","noncartel","noncartel"
"82","Ben Line","Asia and Eur",NA,NA,NA,NA,NA,NA,NA,"noncartel","noncartel","noncartel","noncartel","noncartel","noncartel","noncartel","noncartel","noncartel","noncartel","noncartel","noncartel","noncartel","noncartel","noncartel","noncartel","noncartel","noncartel","noncartel","noncartel","noncartel"
"83","EISC","Asia and Eur",NA,NA,NA,NA,NA,NA,NA,"noncartel","noncartel","noncartel","noncartel","noncartel","noncartel","noncartel","noncartel","noncartel","noncartel","noncartel","noncartel","noncartel","noncartel","noncartel","noncartel","noncartel","noncartel","noncartel","noncartel","noncartel"
"84","Hapag-Lloyd","Asia and Eur",NA,NA,NA,NA,NA,NA,NA,"cartel","cartel","cartel","cartel","cartel","cartel","cartel","cartel","cartel","cartel","cartel","cartel","cartel","cartel","cartel","cartel","cartel","cartel","cartel","cartel","cartel"
"85","Jugolinija","Asia and Eur",NA,NA,NA,NA,NA,NA,NA,"cartel","cartel","cartel","cartel","cartel","cartel","cartel","cartel","cartel","cartel","cartel","cartel","cartel","cartel","cartel","cartel","cartel","cartel","cartel","cartel","cartel"
"86","Med-Club","Asia and Eur",NA,NA,NA,NA,NA,NA,NA,"noncartel","noncartel","noncartel","noncartel","noncartel","noncartel","noncartel","noncartel","noncartel","noncartel","noncartel","noncartel","noncartel","noncartel","noncartel","noncartel","noncartel","noncartel","noncartel","noncartel","noncartel"
"87","Occon Line","Asia and Eur",NA,NA,NA,NA,NA,NA,NA,"noncartel","noncartel","noncartel","noncartel","noncartel","noncartel","noncartel","noncartel","noncartel","noncartel","noncartel","noncartel","noncartel","noncartel","noncartel","noncartel","noncartel","noncartel","noncartel","noncartel","noncartel"
"88","OCL","Asia and Eur",NA,NA,NA,NA,NA,NA,NA,"noncartel","noncartel","noncartel","noncartel","noncartel","noncartel","noncartel","noncartel","noncartel","noncartel","noncartel","noncartel","noncartel","noncartel","noncartel","noncartel","noncartel","noncartel","noncartel","noncartel","noncartel"
"89","OOCL","Asia and Eur",NA,NA,NA,NA,NA,NA,NA,"cartel","cartel","cartel","cartel","cartel","cartel","cartel","cartel","cartel","cartel","cartel","cartel","cartel","cartel","cartel","cartel","cartel","cartel","cartel","cartel","cartel"
"90","Zim","Asia and Eur",NA,NA,NA,NA,NA,NA,NA,"cartel","cartel","cartel","cartel","cartel","cartel","cartel","cartel","cartel","cartel","cartel","cartel","cartel","cartel","cartel","cartel","cartel","cartel","cartel","cartel","cartel"
"91","Atlantic Container Line AB","Transatlantic",NA,NA,NA,NA,NA,NA,NA,"cartel","cartel","cartel","cartel","cartel","cartel","cartel","cartel","cartel","cartel","cartel","cartel","cartel","cartel","cartel","cartel","cartel","cartel","cartel","cartel","cartel"
"92","Atlantic Lash","Transatlantic",NA,NA,NA,NA,NA,NA,NA,"noncartel","noncartel","noncartel","noncartel","noncartel","noncartel","noncartel","noncartel","noncartel","noncartel","noncartel","noncartel","noncartel","noncartel","noncartel","noncartel","noncartel","noncartel","noncartel","noncartel","noncartel"
"93","Booker Line Ltd","Transatlantic",NA,NA,NA,NA,NA,NA,NA,"noncartel","noncartel","noncartel","noncartel","noncartel","noncartel","noncartel","noncartel","noncartel","noncartel","noncartel","noncartel","noncartel","noncartel","noncartel","noncartel","noncartel","noncartel","noncartel","noncartel","noncartel"
"94","Compania SudAmericana de Vapores SA","Transatlantic",NA,NA,NA,NA,NA,NA,NA,"noncartel","noncartel","noncartel","noncartel","noncartel","noncartel","noncartel","noncartel","noncartel","noncartel","noncartel","noncartel","noncartel","noncartel","noncartel","noncartel","noncartel","noncartel","noncartel","noncartel","noncartel"
"95","Maritime Container Line","Transatlantic",NA,NA,NA,NA,NA,NA,NA,"noncartel","noncartel","noncartel","noncartel","noncartel","noncartel","noncartel","noncartel","noncartel","noncartel","noncartel","noncartel","noncartel","noncartel","noncartel","noncartel","noncartel","noncartel","noncartel","noncartel","noncartel"
"96","Pacific Steam Navigation Co","Transatlantic",NA,NA,NA,NA,NA,NA,NA,"noncartel","noncartel","noncartel","noncartel","noncartel","noncartel","noncartel","noncartel","noncartel","noncartel","noncartel","noncartel","noncartel","noncartel","noncartel","noncartel","noncartel","noncartel","noncartel","noncartel","noncartel"
"97","Portline","Transatlantic",NA,NA,NA,NA,NA,NA,NA,"noncartel","noncartel","noncartel","noncartel","noncartel","noncartel","noncartel","noncartel","noncartel","noncartel","noncartel","noncartel","noncartel","noncartel","noncartel","noncartel","noncartel","noncartel","noncartel","noncartel","noncartel"
"98","Trasatlantica","Transatlantic",NA,NA,NA,NA,NA,NA,NA,"noncartel","noncartel","noncartel","noncartel","noncartel","noncartel","noncartel","noncartel","noncartel","noncartel","noncartel","noncartel","noncartel","noncartel","noncartel","noncartel","noncartel","noncartel","noncartel","noncartel","noncartel"
"99","USSR","Transatlantic",NA,NA,NA,NA,NA,NA,NA,"noncartel","noncartel","noncartel","noncartel","noncartel","noncartel","noncartel","noncartel","noncartel","noncartel","noncartel","noncartel","noncartel","noncartel","noncartel","noncartel","noncartel","noncartel","noncartel","noncartel","noncartel"
"100","Fesco","Transpacific",NA,NA,NA,NA,NA,NA,NA,"noncartel","noncartel","noncartel","noncartel","noncartel","noncartel","noncartel","noncartel","noncartel","noncartel","noncartel","noncartel","noncartel","noncartel","noncartel","noncartel","noncartel","noncartel","noncartel","noncartel","noncartel"
"101","Hapag-Lloyd","Transpacific",NA,NA,NA,NA,NA,NA,NA,"cartel","cartel","cartel","cartel","cartel","cartel","cartel","cartel","cartel","cartel","cartel","cartel","cartel","cartel","cartel","cartel","cartel","cartel","cartel","cartel","cartel"
"102","Sea-Land","Transpacific",NA,NA,NA,NA,NA,NA,NA,"cartel","cartel","cartel","cartel","cartel","cartel","cartel","cartel","cartel","cartel","cartel","cartel","cartel","cartel","cartel","cartel","cartel","cartel","cartel","cartel","cartel"
"103","Seatrain Lines","Transpacific",NA,NA,NA,NA,NA,NA,NA,"noncartel","noncartel","noncartel","noncartel","noncartel","noncartel","noncartel","noncartel","noncartel","noncartel","noncartel","noncartel","noncartel","noncartel","noncartel","noncartel","noncartel","noncartel","noncartel","noncartel","noncartel"
"104","Australian National Line/Associated Container Transportation Australia","Asia and Eur",NA,NA,NA,NA,NA,NA,NA,NA,"noncartel","noncartel","noncartel","noncartel","noncartel","noncartel","noncartel","noncartel","noncartel","noncartel","noncartel","noncartel","noncartel","noncartel","noncartel","noncartel","noncartel","noncartel","noncartel","noncartel"
"105","Blasco","Asia and Eur",NA,NA,NA,NA,NA,NA,NA,NA,"noncartel","noncartel","noncartel","noncartel","noncartel","noncartel","noncartel","noncartel","noncartel","noncartel","noncartel","noncartel","noncartel","noncartel","noncartel","noncartel","noncartel","noncartel","noncartel","noncartel"
"106","Chipolbrok","Asia and Eur",NA,NA,NA,NA,NA,NA,NA,NA,"noncartel","noncartel","noncartel","noncartel","noncartel","noncartel","noncartel","noncartel","noncartel","noncartel","noncartel","noncartel","noncartel","noncartel","noncartel","noncartel","noncartel","noncartel","noncartel","noncartel"
"107","Marfret","Asia and Eur",NA,NA,NA,NA,NA,NA,NA,NA,"noncartel","noncartel","noncartel","noncartel","noncartel","noncartel","noncartel","noncartel","noncartel","noncartel","noncartel","noncartel","noncartel","noncartel","noncartel","noncartel","noncartel","noncartel","noncartel","noncartel"
"108","Neptune Orient Lines","Asia and Eur",NA,NA,NA,NA,NA,NA,NA,NA,"noncartel","noncartel","noncartel","noncartel","noncartel","noncartel","noncartel","noncartel","noncartel","noncartel","noncartel","noncartel","noncartel","noncartel","noncartel","noncartel","noncartel","noncartel","noncartel","noncartel"
"109","Polish Ocean Lines","Asia and Eur",NA,NA,NA,NA,NA,NA,NA,NA,"cartel","cartel","cartel","cartel","cartel","cartel","cartel","cartel","cartel","cartel","cartel","cartel","cartel","cartel","cartel","cartel","cartel","cartel","cartel","cartel"
"110","Sea-Land","Asia and Eur",NA,NA,NA,NA,NA,NA,NA,NA,"cartel","cartel","cartel","cartel","cartel","cartel","cartel","cartel","cartel","cartel","cartel","cartel","cartel","cartel","cartel","cartel","cartel","cartel","cartel","cartel"
"111","Baltatlantic","Transatlantic",NA,NA,NA,NA,NA,NA,NA,NA,"noncartel","noncartel","noncartel","noncartel","noncartel","noncartel","noncartel","noncartel","noncartel","noncartel","noncartel","noncartel","noncartel","noncartel","noncartel","noncartel","noncartel","noncartel","noncartel","noncartel"
"112","Bank Line","Transatlantic",NA,NA,NA,NA,NA,NA,NA,NA,"noncartel","noncartel","noncartel","noncartel","noncartel","noncartel","noncartel","noncartel","noncartel","noncartel","noncartel","noncartel","noncartel","noncartel","noncartel","noncartel","noncartel","noncartel","noncartel","noncartel"
"113","Bermuda Container Line","Transatlantic",NA,NA,NA,NA,NA,NA,NA,NA,"noncartel","noncartel","noncartel","noncartel","noncartel","noncartel","noncartel","noncartel","noncartel","noncartel","noncartel","noncartel","noncartel","noncartel","noncartel","noncartel","noncartel","noncartel","noncartel","noncartel"
"114","CCL","Transatlantic",NA,NA,NA,NA,NA,NA,NA,NA,"noncartel","noncartel","noncartel","noncartel","noncartel","noncartel","noncartel","noncartel","noncartel","noncartel","noncartel","noncartel","noncartel","noncartel","noncartel","noncartel","noncartel","noncartel","noncartel","noncartel"
"115","Combi Line","Transatlantic",NA,NA,NA,NA,NA,NA,NA,NA,"noncartel","noncartel","noncartel","noncartel","noncartel","noncartel","noncartel","noncartel","noncartel","noncartel","noncartel","noncartel","noncartel","noncartel","noncartel","noncartel","noncartel","noncartel","noncartel","noncartel"
"116","Eurosal","Transatlantic",NA,NA,NA,NA,NA,NA,NA,NA,"noncartel","noncartel","noncartel","noncartel","noncartel","noncartel","noncartel","noncartel","noncartel","noncartel","noncartel","noncartel","noncartel","noncartel","noncartel","noncartel","noncartel","noncartel","noncartel","noncartel"
"117","Falline","Transatlantic",NA,NA,NA,NA,NA,NA,NA,NA,"noncartel","noncartel","noncartel","noncartel","noncartel","noncartel","noncartel","noncartel","noncartel","noncartel","noncartel","noncartel","noncartel","noncartel","noncartel","noncartel","noncartel","noncartel","noncartel","noncartel"
"118","Jugolinija","Transatlantic",NA,NA,NA,NA,NA,NA,NA,NA,"cartel","cartel","cartel","cartel","cartel","cartel","cartel","cartel","cartel","cartel","cartel","cartel","cartel","cartel","cartel","cartel","cartel","cartel","cartel","cartel"
"119","Kent Line International Ltd","Transatlantic",NA,NA,NA,NA,NA,NA,NA,NA,"noncartel","noncartel","noncartel","noncartel","noncartel","noncartel","noncartel","noncartel","noncartel","noncartel","noncartel","noncartel","noncartel","noncartel","noncartel","noncartel","noncartel","noncartel","noncartel","noncartel"
"120","Naviera Pinillos SA","Transatlantic",NA,NA,NA,NA,NA,NA,NA,NA,"noncartel","noncartel","noncartel","noncartel","noncartel","noncartel","noncartel","noncartel","noncartel","noncartel","noncartel","noncartel","noncartel","noncartel","noncartel","noncartel","noncartel","noncartel","noncartel","noncartel"
"121","Polish Ocean Lines","Transatlantic",NA,NA,NA,NA,NA,NA,NA,NA,"cartel","cartel","cartel","cartel","cartel","cartel","cartel","cartel","cartel","cartel","cartel","cartel","cartel","cartel","cartel","cartel","cartel","cartel","cartel","cartel"
"122","USSR","Transpacific",NA,NA,NA,NA,NA,NA,NA,NA,"noncartel","noncartel","noncartel","noncartel","noncartel","noncartel","noncartel","noncartel","noncartel","noncartel","noncartel","noncartel","noncartel","noncartel","noncartel","noncartel","noncartel","noncartel","noncartel","noncartel"
"123","Waterman Transport Inc","Transpacific",NA,NA,NA,NA,NA,NA,NA,NA,"noncartel","noncartel","noncartel","noncartel","noncartel","noncartel","noncartel","noncartel","noncartel","noncartel","noncartel","noncartel","noncartel","noncartel","noncartel","noncartel","noncartel","noncartel","noncartel","noncartel"
"124","Zim","Transpacific",NA,NA,NA,NA,NA,NA,NA,NA,"cartel","cartel","cartel","cartel","cartel","cartel","cartel","cartel","cartel","cartel","cartel","cartel","cartel","cartel","cartel","cartel","cartel","cartel","cartel","cartel"
"125","MOL","Asia and Eur",NA,NA,NA,NA,NA,NA,NA,NA,NA,"cartel","cartel","cartel","cartel","cartel","cartel","cartel","cartel","cartel","cartel","cartel","cartel","cartel","cartel","cartel","cartel","cartel","cartel","cartel"
"126","MSC","Transatlantic",NA,NA,NA,NA,NA,NA,NA,NA,NA,"noncartel","noncartel","noncartel","noncartel","noncartel","noncartel","noncartel","noncartel","noncartel","noncartel","noncartel","noncartel","noncartel","noncartel","noncartel","noncartel","noncartel","noncartel","noncartel"
"127","Trans Freight Lines","Transatlantic",NA,NA,NA,NA,NA,NA,NA,NA,NA,"noncartel","noncartel","noncartel","noncartel","noncartel","noncartel","noncartel","noncartel","noncartel","noncartel","noncartel","noncartel","noncartel","noncartel","noncartel","noncartel","noncartel","noncartel","noncartel"
"128","Y-S Line","Transatlantic",NA,NA,NA,NA,NA,NA,NA,NA,NA,"cartel","cartel","cartel","cartel","cartel","cartel","cartel","cartel","cartel","cartel","cartel","cartel","cartel","cartel","cartel","cartel","cartel","cartel","cartel"
"129","Atlanttrafik/Barber Blue Sea","Transpacific",NA,NA,NA,NA,NA,NA,NA,NA,NA,"cartel","cartel","cartel","cartel","cartel","cartel","cartel","cartel","cartel","cartel","cartel","cartel","cartel","cartel","cartel","cartel","cartel","cartel","cartel"
"130","Cosco","Transpacific",NA,NA,NA,NA,NA,NA,NA,NA,NA,"noncartel","noncartel","noncartel","noncartel","noncartel","noncartel","noncartel","noncartel","noncartel","noncartel","noncartel","noncartel","noncartel","noncartel","noncartel","noncartel","noncartel","noncartel","noncartel"
"131","K-Line","Asia and Eur",NA,NA,NA,NA,NA,NA,NA,NA,NA,NA,"cartel","cartel","cartel","cartel","cartel","cartel","cartel","cartel","cartel","cartel","cartel","cartel","cartel","cartel","cartel","cartel","cartel","cartel"
"132","Blasco","Transatlantic",NA,NA,NA,NA,NA,NA,NA,NA,NA,NA,"noncartel","noncartel","noncartel","noncartel","noncartel","noncartel","noncartel","noncartel","noncartel","noncartel","noncartel","noncartel","noncartel","noncartel","noncartel","noncartel","noncartel","noncartel"
"133","BSC","Transatlantic",NA,NA,NA,NA,NA,NA,NA,NA,NA,NA,"noncartel","noncartel","noncartel","noncartel","noncartel","noncartel","noncartel","noncartel","noncartel","noncartel","noncartel","noncartel","noncartel","noncartel","noncartel","noncartel","noncartel","noncartel"
"134","Montemar","Transatlantic",NA,NA,NA,NA,NA,NA,NA,NA,NA,NA,"noncartel","noncartel","noncartel","noncartel","noncartel","noncartel","noncartel","noncartel","noncartel","noncartel","noncartel","noncartel","noncartel","noncartel","noncartel","noncartel","noncartel","noncartel"
"135","Evergreen","Transpacific",NA,NA,NA,NA,NA,NA,NA,NA,NA,NA,"noncartel","noncartel","noncartel","noncartel","noncartel","noncartel","noncartel","noncartel","noncartel","noncartel","noncartel","noncartel","noncartel","noncartel","noncartel","noncartel","noncartel","noncartel"
"136","Blue Funnel Kine","Asia and Eur",NA,NA,NA,NA,NA,NA,NA,NA,NA,NA,NA,"noncartel","noncartel","noncartel","noncartel","noncartel","noncartel","noncartel","noncartel","noncartel","noncartel","noncartel","noncartel","noncartel","noncartel","noncartel","noncartel","noncartel"
"137","ENC","Asia and Eur",NA,NA,NA,NA,NA,NA,NA,NA,NA,NA,NA,"noncartel","noncartel","noncartel","noncartel","noncartel","noncartel","noncartel","noncartel","noncartel","noncartel","noncartel","noncartel","noncartel","noncartel","noncartel","noncartel","noncartel"
"138","Franco-Belgian Services","Asia and Eur",NA,NA,NA,NA,NA,NA,NA,NA,NA,NA,NA,"cartel","cartel","cartel","cartel","cartel","cartel","cartel","cartel","cartel","cartel","cartel","cartel","cartel","cartel","cartel","cartel","cartel"
"139","Mixte","Asia and Eur",NA,NA,NA,NA,NA,NA,NA,NA,NA,NA,NA,"noncartel","noncartel","noncartel","noncartel","noncartel","noncartel","noncartel","noncartel","noncartel","noncartel","noncartel","noncartel","noncartel","noncartel","noncartel","noncartel","noncartel"
"140","The Shipping Corporation of India Ltd","Asia and Eur",NA,NA,NA,NA,NA,NA,NA,NA,NA,NA,NA,"noncartel","noncartel","noncartel","noncartel","noncartel","noncartel","noncartel","noncartel","noncartel","noncartel","noncartel","noncartel","noncartel","noncartel","noncartel","noncartel","noncartel"
"141","Compagnie Generale Maritime","Transatlantic",NA,NA,NA,NA,NA,NA,NA,NA,NA,NA,NA,"noncartel","noncartel","noncartel","noncartel","noncartel","noncartel","noncartel","noncartel","noncartel","noncartel","noncartel","noncartel","noncartel","noncartel","noncartel","noncartel","noncartel"
"142","Contract Marine Carriers","Transatlantic",NA,NA,NA,NA,NA,NA,NA,NA,NA,NA,NA,"noncartel","noncartel","noncartel","noncartel","noncartel","noncartel","noncartel","noncartel","noncartel","noncartel","noncartel","noncartel","noncartel","noncartel","noncartel","noncartel","noncartel"
"143","Latvian Shipping Co","Transatlantic",NA,NA,NA,NA,NA,NA,NA,NA,NA,NA,NA,"noncartel","noncartel","noncartel","noncartel","noncartel","noncartel","noncartel","noncartel","noncartel","noncartel","noncartel","noncartel","noncartel","noncartel","noncartel","noncartel","noncartel"
"144","Nav del Odiel","Transatlantic",NA,NA,NA,NA,NA,NA,NA,NA,NA,NA,NA,"noncartel","noncartel","noncartel","noncartel","noncartel","noncartel","noncartel","noncartel","noncartel","noncartel","noncartel","noncartel","noncartel","noncartel","noncartel","noncartel","noncartel"
"145","ScanPacific Line","Transatlantic",NA,NA,NA,NA,NA,NA,NA,NA,NA,NA,NA,"cartel","cartel","cartel","cartel","cartel","cartel","cartel","cartel","cartel","cartel","cartel","cartel","cartel","cartel","cartel","cartel","cartel"
"146","Splosna Plovba","Transatlantic",NA,NA,NA,NA,NA,NA,NA,NA,NA,NA,NA,"cartel","cartel","cartel","cartel","cartel","cartel","cartel","cartel","cartel","cartel","cartel","cartel","cartel","cartel","cartel","cartel","cartel"
"147","Elma","Transpacific",NA,NA,NA,NA,NA,NA,NA,NA,NA,NA,NA,"noncartel","noncartel","noncartel","noncartel","noncartel","noncartel","noncartel","noncartel","noncartel","noncartel","noncartel","noncartel","noncartel","noncartel","noncartel","noncartel","noncartel"
"148","MOL","Transpacific",NA,NA,NA,NA,NA,NA,NA,NA,NA,NA,NA,"cartel","cartel","cartel","cartel","cartel","cartel","cartel","cartel","cartel","cartel","cartel","cartel","cartel","cartel","cartel","cartel","cartel"
"149","Pacific International Lines (Pte) Ltd","Transpacific",NA,NA,NA,NA,NA,NA,NA,NA,NA,NA,NA,"noncartel","noncartel","noncartel","noncartel","noncartel","noncartel","noncartel","noncartel","noncartel","noncartel","noncartel","noncartel","noncartel","noncartel","noncartel","noncartel","noncartel"
"150","Y-S Line","Transpacific",NA,NA,NA,NA,NA,NA,NA,NA,NA,NA,NA,"cartel","cartel","cartel","cartel","cartel","cartel","cartel","cartel","cartel","cartel","cartel","cartel","cartel","cartel","cartel","cartel","cartel"
"151","Admiral Lines","Asia and Eur",NA,NA,NA,NA,NA,NA,NA,NA,NA,NA,NA,NA,"noncartel","noncartel","noncartel","noncartel","noncartel","noncartel","noncartel","noncartel","noncartel","noncartel","noncartel","noncartel","noncartel","noncartel","noncartel","noncartel"
"152","Chargeurs Reunis","Asia and Eur",NA,NA,NA,NA,NA,NA,NA,NA,NA,NA,NA,NA,"cartel","cartel","cartel","cartel","cartel","cartel","cartel","cartel","cartel","cartel","cartel","cartel","cartel","cartel","cartel","cartel"
"153","Cie Generale Maritime","Asia and Eur",NA,NA,NA,NA,NA,NA,NA,NA,NA,NA,NA,NA,"cartel","cartel","cartel","cartel","cartel","cartel","cartel","cartel","cartel","cartel","cartel","cartel","cartel","cartel","cartel","cartel"
"154","Compagnie Maritime Belge","Asia and Eur",NA,NA,NA,NA,NA,NA,NA,NA,NA,NA,NA,NA,"noncartel","noncartel","noncartel","noncartel","noncartel","noncartel","noncartel","noncartel","noncartel","noncartel","noncartel","noncartel","noncartel","noncartel","noncartel","noncartel"
"155","East Asiatic Co. A/S","Asia and Eur",NA,NA,NA,NA,NA,NA,NA,NA,NA,NA,NA,NA,"noncartel","noncartel","noncartel","noncartel","noncartel","noncartel","noncartel","noncartel","noncartel","noncartel","noncartel","noncartel","noncartel","noncartel","noncartel","noncartel"
"156","Finland Steamship","Asia and Eur",NA,NA,NA,NA,NA,NA,NA,NA,NA,NA,NA,NA,"noncartel","noncartel","noncartel","noncartel","noncartel","noncartel","noncartel","noncartel","noncartel","noncartel","noncartel","noncartel","noncartel","noncartel","noncartel","noncartel"
"157","Hong Kong Cont Line","Asia and Eur",NA,NA,NA,NA,NA,NA,NA,NA,NA,NA,NA,NA,"noncartel","noncartel","noncartel","noncartel","noncartel","noncartel","noncartel","noncartel","noncartel","noncartel","noncartel","noncartel","noncartel","noncartel","noncartel","noncartel"
"158","Nedlloyd","Asia and Eur",NA,NA,NA,NA,NA,NA,NA,NA,NA,NA,NA,NA,"cartel","cartel","cartel","cartel","cartel","cartel","cartel","cartel","cartel","cartel","cartel","cartel","cartel","cartel","cartel","cartel"
"159","P&O Containers","Asia and Eur",NA,NA,NA,NA,NA,NA,NA,NA,NA,NA,NA,NA,"noncartel","noncartel","noncartel","noncartel","noncartel","noncartel","noncartel","noncartel","noncartel","noncartel","noncartel","noncartel","noncartel","noncartel","noncartel","noncartel"
"160","Sinotrans","Asia and Eur",NA,NA,NA,NA,NA,NA,NA,NA,NA,NA,NA,NA,"noncartel","noncartel","noncartel","noncartel","noncartel","noncartel","noncartel","noncartel","noncartel","noncartel","noncartel","noncartel","noncartel","noncartel","noncartel","noncartel"
"161","Deutsche Afrika-Linien","Transatlantic",NA,NA,NA,NA,NA,NA,NA,NA,NA,NA,NA,NA,"noncartel","noncartel","noncartel","noncartel","noncartel","noncartel","noncartel","noncartel","noncartel","noncartel","noncartel","noncartel","noncartel","noncartel","noncartel","noncartel"
"162","Elma","Transatlantic",NA,NA,NA,NA,NA,NA,NA,NA,NA,NA,NA,NA,"noncartel","noncartel","noncartel","noncartel","noncartel","noncartel","noncartel","noncartel","noncartel","noncartel","noncartel","noncartel","noncartel","noncartel","noncartel","noncartel"
"163","Euro-Gulf","Transatlantic",NA,NA,NA,NA,NA,NA,NA,NA,NA,NA,NA,NA,"noncartel","noncartel","noncartel","noncartel","noncartel","noncartel","noncartel","noncartel","noncartel","noncartel","noncartel","noncartel","noncartel","noncartel","noncartel","noncartel"
"164","Harrison Line","Transatlantic",NA,NA,NA,NA,NA,NA,NA,NA,NA,NA,NA,NA,"noncartel","noncartel","noncartel","noncartel","noncartel","noncartel","noncartel","noncartel","noncartel","noncartel","noncartel","noncartel","noncartel","noncartel","noncartel","noncartel"
"165","Hoegh Lines","Transatlantic",NA,NA,NA,NA,NA,NA,NA,NA,NA,NA,NA,NA,"noncartel","noncartel","noncartel","noncartel","noncartel","noncartel","noncartel","noncartel","noncartel","noncartel","noncartel","noncartel","noncartel","noncartel","noncartel","noncartel"
"166","Ibero Lines","Transatlantic",NA,NA,NA,NA,NA,NA,NA,NA,NA,NA,NA,NA,"cartel","cartel","cartel","cartel","cartel","cartel","cartel","cartel","cartel","cartel","cartel","cartel","cartel","cartel","cartel","cartel"
"167","KNSM","Transatlantic",NA,NA,NA,NA,NA,NA,NA,NA,NA,NA,NA,NA,"noncartel","noncartel","noncartel","noncartel","noncartel","noncartel","noncartel","noncartel","noncartel","noncartel","noncartel","noncartel","noncartel","noncartel","noncartel","noncartel"
"168","OPDR","Transatlantic",NA,NA,NA,NA,NA,NA,NA,NA,NA,NA,NA,NA,"noncartel","noncartel","noncartel","noncartel","noncartel","noncartel","noncartel","noncartel","noncartel","noncartel","noncartel","noncartel","noncartel","noncartel","noncartel","noncartel"
"169","Seas","Transatlantic",NA,NA,NA,NA,NA,NA,NA,NA,NA,NA,NA,NA,"noncartel","noncartel","noncartel","noncartel","noncartel","noncartel","noncartel","noncartel","noncartel","noncartel","noncartel","noncartel","noncartel","noncartel","noncartel","noncartel"
"170","Bank Line","Transpacific",NA,NA,NA,NA,NA,NA,NA,NA,NA,NA,NA,NA,"noncartel","noncartel","noncartel","noncartel","noncartel","noncartel","noncartel","noncartel","noncartel","noncartel","noncartel","noncartel","noncartel","noncartel","noncartel","noncartel"
"171","Barber Blue Sea Line","Transpacific",NA,NA,NA,NA,NA,NA,NA,NA,NA,NA,NA,NA,"cartel","cartel","cartel","cartel","cartel","cartel","cartel","cartel","cartel","cartel","cartel","cartel","cartel","cartel","cartel","cartel"
"172","Canisa","Transpacific",NA,NA,NA,NA,NA,NA,NA,NA,NA,NA,NA,NA,"noncartel","noncartel","noncartel","noncartel","noncartel","noncartel","noncartel","noncartel","noncartel","noncartel","noncartel","noncartel","noncartel","noncartel","noncartel","noncartel"
"173","Lineas Navieras Bolivianas SAM","Transpacific",NA,NA,NA,NA,NA,NA,NA,NA,NA,NA,NA,NA,"noncartel","noncartel","noncartel","noncartel","noncartel","noncartel","noncartel","noncartel","noncartel","noncartel","noncartel","noncartel","noncartel","noncartel","noncartel","noncartel"
"174","Ro-Lo Pacific Line","Transpacific",NA,NA,NA,NA,NA,NA,NA,NA,NA,NA,NA,NA,"noncartel","noncartel","noncartel","noncartel","noncartel","noncartel","noncartel","noncartel","noncartel","noncartel","noncartel","noncartel","noncartel","noncartel","noncartel","noncartel"
"175","United States Lines","Transpacific",NA,NA,NA,NA,NA,NA,NA,NA,NA,NA,NA,NA,"cartel","cartel","cartel","cartel","cartel","cartel","cartel","cartel","cartel","cartel","cartel","cartel","cartel","cartel","cartel","cartel"
"176","Admiral Shipping","Asia and Eur",NA,NA,NA,NA,NA,NA,NA,NA,NA,NA,NA,NA,NA,"noncartel","noncartel","noncartel","noncartel","noncartel","noncartel","noncartel","noncartel","noncartel","noncartel","noncartel","noncartel","noncartel","noncartel","noncartel"
"177","BSC","Asia and Eur",NA,NA,NA,NA,NA,NA,NA,NA,NA,NA,NA,NA,NA,"noncartel","noncartel","noncartel","noncartel","noncartel","noncartel","noncartel","noncartel","noncartel","noncartel","noncartel","noncartel","noncartel","noncartel","noncartel"
"178","Evergreen","Asia and Eur",NA,NA,NA,NA,NA,NA,NA,NA,NA,NA,NA,NA,NA,"noncartel","noncartel","noncartel","noncartel","noncartel","noncartel","noncartel","noncartel","noncartel","noncartel","noncartel","noncartel","noncartel","noncartel","noncartel"
"179","India SS","Asia and Eur",NA,NA,NA,NA,NA,NA,NA,NA,NA,NA,NA,NA,NA,"noncartel","noncartel","noncartel","noncartel","noncartel","noncartel","noncartel","noncartel","noncartel","noncartel","noncartel","noncartel","noncartel","noncartel","noncartel"
"180","Norient Line","Asia and Eur",NA,NA,NA,NA,NA,NA,NA,NA,NA,NA,NA,NA,NA,"noncartel","noncartel","noncartel","noncartel","noncartel","noncartel","noncartel","noncartel","noncartel","noncartel","noncartel","noncartel","noncartel","noncartel","noncartel"
"181","PT Perusahaan Pelayaran Samudera 'Trikora Lloyd'","Asia and Eur",NA,NA,NA,NA,NA,NA,NA,NA,NA,NA,NA,NA,NA,"noncartel","noncartel","noncartel","noncartel","noncartel","noncartel","noncartel","noncartel","noncartel","noncartel","noncartel","noncartel","noncartel","noncartel","noncartel"
"182","TFH Line","Asia and Eur",NA,NA,NA,NA,NA,NA,NA,NA,NA,NA,NA,NA,NA,"noncartel","noncartel","noncartel","noncartel","noncartel","noncartel","noncartel","noncartel","noncartel","noncartel","noncartel","noncartel","noncartel","noncartel","noncartel"
"183","Wilhelmsen Lines A/S","Asia and Eur",NA,NA,NA,NA,NA,NA,NA,NA,NA,NA,NA,NA,NA,"cartel","cartel","cartel","cartel","cartel","cartel","cartel","cartel","cartel","cartel","cartel","cartel","cartel","cartel","cartel"
"184","Atlantic Cargo Services AB","Transatlantic",NA,NA,NA,NA,NA,NA,NA,NA,NA,NA,NA,NA,NA,"noncartel","noncartel","noncartel","noncartel","noncartel","noncartel","noncartel","noncartel","noncartel","noncartel","noncartel","noncartel","noncartel","noncartel","noncartel"
"185","Canmar/OOCL","Transatlantic",NA,NA,NA,NA,NA,NA,NA,NA,NA,NA,NA,NA,NA,"cartel","cartel","cartel","cartel","cartel","cartel","cartel","cartel","cartel","cartel","cartel","cartel","cartel","cartel","cartel"
"186","CD","Transatlantic",NA,NA,NA,NA,NA,NA,NA,NA,NA,NA,NA,NA,NA,"noncartel","noncartel","noncartel","noncartel","noncartel","noncartel","noncartel","noncartel","noncartel","noncartel","noncartel","noncartel","noncartel","noncartel","noncartel"
"187","Compania Chilena de Navegacion Interoceanica","Transatlantic",NA,NA,NA,NA,NA,NA,NA,NA,NA,NA,NA,NA,NA,"noncartel","noncartel","noncartel","noncartel","noncartel","noncartel","noncartel","noncartel","noncartel","noncartel","noncartel","noncartel","noncartel","noncartel","noncartel"
"188","Constellation","Transatlantic",NA,NA,NA,NA,NA,NA,NA,NA,NA,NA,NA,NA,NA,"noncartel","noncartel","noncartel","noncartel","noncartel","noncartel","noncartel","noncartel","noncartel","noncartel","noncartel","noncartel","noncartel","noncartel","noncartel"
"189","Deppe","Transatlantic",NA,NA,NA,NA,NA,NA,NA,NA,NA,NA,NA,NA,NA,"noncartel","noncartel","noncartel","noncartel","noncartel","noncartel","noncartel","noncartel","noncartel","noncartel","noncartel","noncartel","noncartel","noncartel","noncartel"
"190","Eurobridge Lines","Transatlantic",NA,NA,NA,NA,NA,NA,NA,NA,NA,NA,NA,NA,NA,"noncartel","noncartel","noncartel","noncartel","noncartel","noncartel","noncartel","noncartel","noncartel","noncartel","noncartel","noncartel","noncartel","noncartel","noncartel"
"191","Ibertrans","Transatlantic",NA,NA,NA,NA,NA,NA,NA,NA,NA,NA,NA,NA,NA,"noncartel","noncartel","noncartel","noncartel","noncartel","noncartel","noncartel","noncartel","noncartel","noncartel","noncartel","noncartel","noncartel","noncartel","noncartel"
"192","Incotrans","Transatlantic",NA,NA,NA,NA,NA,NA,NA,NA,NA,NA,NA,NA,NA,"noncartel","noncartel","noncartel","noncartel","noncartel","noncartel","noncartel","noncartel","noncartel","noncartel","noncartel","noncartel","noncartel","noncartel","noncartel"
"193","Kent Line","Transatlantic",NA,NA,NA,NA,NA,NA,NA,NA,NA,NA,NA,NA,NA,"noncartel","noncartel","noncartel","noncartel","noncartel","noncartel","noncartel","noncartel","noncartel","noncartel","noncartel","noncartel","noncartel","noncartel","noncartel"
"194","Marfret","Transatlantic",NA,NA,NA,NA,NA,NA,NA,NA,NA,NA,NA,NA,NA,"noncartel","noncartel","noncartel","noncartel","noncartel","noncartel","noncartel","noncartel","noncartel","noncartel","noncartel","noncartel","noncartel","noncartel","noncartel"
"195","Montreal Europe Nav","Transatlantic",NA,NA,NA,NA,NA,NA,NA,NA,NA,NA,NA,NA,NA,"noncartel","noncartel","noncartel","noncartel","noncartel","noncartel","noncartel","noncartel","noncartel","noncartel","noncartel","noncartel","noncartel","noncartel","noncartel"
"196","Quayport Line","Transatlantic",NA,NA,NA,NA,NA,NA,NA,NA,NA,NA,NA,NA,NA,"noncartel","noncartel","noncartel","noncartel","noncartel","noncartel","noncartel","noncartel","noncartel","noncartel","noncartel","noncartel","noncartel","noncartel","noncartel"
"197","Compania Chilena de Navegacion Interoceanica","Transpacific",NA,NA,NA,NA,NA,NA,NA,NA,NA,NA,NA,NA,NA,"noncartel","noncartel","noncartel","noncartel","noncartel","noncartel","noncartel","noncartel","noncartel","noncartel","noncartel","noncartel","noncartel","noncartel","noncartel"
"198","Compania SudAmericana de Vapores SA","Transpacific",NA,NA,NA,NA,NA,NA,NA,NA,NA,NA,NA,NA,NA,"noncartel","noncartel","noncartel","noncartel","noncartel","noncartel","noncartel","noncartel","noncartel","noncartel","noncartel","noncartel","noncartel","noncartel","noncartel"
"199","East Asiatic Co. A/S","Transpacific",NA,NA,NA,NA,NA,NA,NA,NA,NA,NA,NA,NA,NA,"noncartel","noncartel","noncartel","noncartel","noncartel","noncartel","noncartel","noncartel","noncartel","noncartel","noncartel","noncartel","noncartel","noncartel","noncartel"
"200","Korea Marine Trans/NYK","Transpacific",NA,NA,NA,NA,NA,NA,NA,NA,NA,NA,NA,NA,NA,"cartel","cartel","cartel","cartel","cartel","cartel","cartel","cartel","cartel","cartel","cartel","cartel","cartel","cartel","cartel"
"201","MFECS","Transpacific",NA,NA,NA,NA,NA,NA,NA,NA,NA,NA,NA,NA,NA,"noncartel","noncartel","noncartel","noncartel","noncartel","noncartel","noncartel","noncartel","noncartel","noncartel","noncartel","noncartel","noncartel","noncartel","noncartel"
"202","Neptune Orient Lines","Transpacific",NA,NA,NA,NA,NA,NA,NA,NA,NA,NA,NA,NA,NA,"noncartel","noncartel","noncartel","noncartel","noncartel","noncartel","noncartel","noncartel","noncartel","noncartel","noncartel","noncartel","noncartel","noncartel","noncartel"
"203","NYK/Showa","Transpacific",NA,NA,NA,NA,NA,NA,NA,NA,NA,NA,NA,NA,NA,"cartel","cartel","cartel","cartel","cartel","cartel","cartel","cartel","cartel","cartel","cartel","cartel","cartel","cartel","cartel"
"204","Scindia","Transpacific",NA,NA,NA,NA,NA,NA,NA,NA,NA,NA,NA,NA,NA,"noncartel","noncartel","noncartel","noncartel","noncartel","noncartel","noncartel","noncartel","noncartel","noncartel","noncartel","noncartel","noncartel","noncartel","noncartel"
"205","Hanjin","Asia and Eur",NA,NA,NA,NA,NA,NA,NA,NA,NA,NA,NA,NA,NA,NA,"cartel","cartel","cartel","cartel","cartel","cartel","cartel","cartel","cartel","cartel","cartel","cartel","cartel","cartel"
"206","KSC","Asia and Eur",NA,NA,NA,NA,NA,NA,NA,NA,NA,NA,NA,NA,NA,NA,"noncartel","noncartel","noncartel","noncartel","noncartel","noncartel","noncartel","noncartel","noncartel","noncartel","noncartel","noncartel","noncartel","noncartel"
"207","Lloyd Triestino","Asia and Eur",NA,NA,NA,NA,NA,NA,NA,NA,NA,NA,NA,NA,NA,NA,"cartel","cartel","cartel","cartel","cartel","cartel","cartel","cartel","cartel","cartel","cartel","cartel","cartel","cartel"
"208","Malaysian International Shipping Corp Bhd","Asia and Eur",NA,NA,NA,NA,NA,NA,NA,NA,NA,NA,NA,NA,NA,NA,"noncartel","noncartel","noncartel","noncartel","noncartel","noncartel","noncartel","noncartel","noncartel","noncartel","noncartel","noncartel","noncartel","noncartel"
"209","SMTM","Asia and Eur",NA,NA,NA,NA,NA,NA,NA,NA,NA,NA,NA,NA,NA,NA,"noncartel","noncartel","noncartel","noncartel","noncartel","noncartel","noncartel","noncartel","noncartel","noncartel","noncartel","noncartel","noncartel","noncartel"
"210","Societe Navale Caennaise (SNC) Anct Gaston Lamy & Compagnie","Asia and Eur",NA,NA,NA,NA,NA,NA,NA,NA,NA,NA,NA,NA,NA,NA,"noncartel","noncartel","noncartel","noncartel","noncartel","noncartel","noncartel","noncartel","noncartel","noncartel","noncartel","noncartel","noncartel","noncartel"
"211","America-Africa-Europe Line","Transatlantic",NA,NA,NA,NA,NA,NA,NA,NA,NA,NA,NA,NA,NA,NA,"noncartel","noncartel","noncartel","noncartel","noncartel","noncartel","noncartel","noncartel","noncartel","noncartel","noncartel","noncartel","noncartel","noncartel"
"212","Dannebrog","Transatlantic",NA,NA,NA,NA,NA,NA,NA,NA,NA,NA,NA,NA,NA,NA,"noncartel","noncartel","noncartel","noncartel","noncartel","noncartel","noncartel","noncartel","noncartel","noncartel","noncartel","noncartel","noncartel","noncartel"
"213","DFDS","Transatlantic",NA,NA,NA,NA,NA,NA,NA,NA,NA,NA,NA,NA,NA,NA,"noncartel","noncartel","noncartel","noncartel","noncartel","noncartel","noncartel","noncartel","noncartel","noncartel","noncartel","noncartel","noncartel","noncartel"
"214","Eimskip Island ehf","Transatlantic",NA,NA,NA,NA,NA,NA,NA,NA,NA,NA,NA,NA,NA,NA,"noncartel","noncartel","noncartel","noncartel","noncartel","noncartel","noncartel","noncartel","noncartel","noncartel","noncartel","noncartel","noncartel","noncartel"
"215","Frigo","Transatlantic",NA,NA,NA,NA,NA,NA,NA,NA,NA,NA,NA,NA,NA,NA,"noncartel","noncartel","noncartel","noncartel","noncartel","noncartel","noncartel","noncartel","noncartel","noncartel","noncartel","noncartel","noncartel","noncartel"
"216","Gulf Container","Transatlantic",NA,NA,NA,NA,NA,NA,NA,NA,NA,NA,NA,NA,NA,NA,"noncartel","noncartel","noncartel","noncartel","noncartel","noncartel","noncartel","noncartel","noncartel","noncartel","noncartel","noncartel","noncartel","noncartel"
"217","Laser Lines","Transatlantic",NA,NA,NA,NA,NA,NA,NA,NA,NA,NA,NA,NA,NA,NA,"noncartel","noncartel","noncartel","noncartel","noncartel","noncartel","noncartel","noncartel","noncartel","noncartel","noncartel","noncartel","noncartel","noncartel"
"218","Maersk","Transatlantic",NA,NA,NA,NA,NA,NA,NA,NA,NA,NA,NA,NA,NA,NA,"cartel","cartel","cartel","cartel","cartel","cartel","cartel","cartel","cartel","cartel","cartel","cartel","cartel","cartel"
"219","Montreal Shipping Inc","Transatlantic",NA,NA,NA,NA,NA,NA,NA,NA,NA,NA,NA,NA,NA,NA,"noncartel","noncartel","noncartel","noncartel","noncartel","noncartel","noncartel","noncartel","noncartel","noncartel","noncartel","noncartel","noncartel","noncartel"
"220","Ocean Lines","Transatlantic",NA,NA,NA,NA,NA,NA,NA,NA,NA,NA,NA,NA,NA,NA,"noncartel","noncartel","noncartel","noncartel","noncartel","noncartel","noncartel","noncartel","noncartel","noncartel","noncartel","noncartel","noncartel","noncartel"
"221","Transmediterranea","Transatlantic",NA,NA,NA,NA,NA,NA,NA,NA,NA,NA,NA,NA,NA,NA,"noncartel","noncartel","noncartel","noncartel","noncartel","noncartel","noncartel","noncartel","noncartel","noncartel","noncartel","noncartel","noncartel","noncartel"
"222","CC Line","Transpacific",NA,NA,NA,NA,NA,NA,NA,NA,NA,NA,NA,NA,NA,NA,"noncartel","noncartel","noncartel","noncartel","noncartel","noncartel","noncartel","noncartel","noncartel","noncartel","noncartel","noncartel","noncartel","noncartel"
"223","Lloyd Brasileiro","Transpacific",NA,NA,NA,NA,NA,NA,NA,NA,NA,NA,NA,NA,NA,NA,"noncartel","noncartel","noncartel","noncartel","noncartel","noncartel","noncartel","noncartel","noncartel","noncartel","noncartel","noncartel","noncartel","noncartel"
"224","NLS","Transpacific",NA,NA,NA,NA,NA,NA,NA,NA,NA,NA,NA,NA,NA,NA,"noncartel","noncartel","noncartel","noncartel","noncartel","noncartel","noncartel","noncartel","noncartel","noncartel","noncartel","noncartel","noncartel","noncartel"
"225","Seaboard Pacific Line","Transpacific",NA,NA,NA,NA,NA,NA,NA,NA,NA,NA,NA,NA,NA,NA,"noncartel","noncartel","noncartel","noncartel","noncartel","noncartel","noncartel","noncartel","noncartel","noncartel","noncartel","noncartel","noncartel","noncartel"
"226","TMM","Transpacific",NA,NA,NA,NA,NA,NA,NA,NA,NA,NA,NA,NA,NA,NA,"noncartel","noncartel","noncartel","noncartel","noncartel","noncartel","noncartel","noncartel","noncartel","noncartel","noncartel","noncartel","noncartel","noncartel"
"227","Transnave","Transpacific",NA,NA,NA,NA,NA,NA,NA,NA,NA,NA,NA,NA,NA,NA,"noncartel","noncartel","noncartel","noncartel","noncartel","noncartel","noncartel","noncartel","noncartel","noncartel","noncartel","noncartel","noncartel","noncartel"
"228","UASC","Transpacific",NA,NA,NA,NA,NA,NA,NA,NA,NA,NA,NA,NA,NA,NA,"noncartel","noncartel","noncartel","noncartel","noncartel","noncartel","noncartel","noncartel","noncartel","noncartel","noncartel","noncartel","noncartel","noncartel"
"229","Rickmers","Asia and Eur",NA,NA,NA,NA,NA,NA,NA,NA,NA,NA,NA,NA,NA,NA,NA,"noncartel","noncartel","noncartel","noncartel","noncartel","noncartel","noncartel","noncartel","noncartel","noncartel","noncartel","noncartel","noncartel"
"230","Contemaris","Transatlantic",NA,NA,NA,NA,NA,NA,NA,NA,NA,NA,NA,NA,NA,NA,NA,"noncartel","noncartel","noncartel","noncartel","noncartel","noncartel","noncartel","noncartel","noncartel","noncartel","noncartel","noncartel","noncartel"
"231","Evergreen","Transatlantic",NA,NA,NA,NA,NA,NA,NA,NA,NA,NA,NA,NA,NA,NA,NA,"noncartel","noncartel","noncartel","noncartel","noncartel","noncartel","noncartel","noncartel","noncartel","noncartel","noncartel","noncartel","noncartel"
"232","Mambisa","Transatlantic",NA,NA,NA,NA,NA,NA,NA,NA,NA,NA,NA,NA,NA,NA,NA,"noncartel","noncartel","noncartel","noncartel","noncartel","noncartel","noncartel","noncartel","noncartel","noncartel","noncartel","noncartel","noncartel"
"233","Rainbow","Transatlantic",NA,NA,NA,NA,NA,NA,NA,NA,NA,NA,NA,NA,NA,NA,NA,"noncartel","noncartel","noncartel","noncartel","noncartel","noncartel","noncartel","noncartel","noncartel","noncartel","noncartel","noncartel","noncartel"
"234","Surinam","Transatlantic",NA,NA,NA,NA,NA,NA,NA,NA,NA,NA,NA,NA,NA,NA,NA,"noncartel","noncartel","noncartel","noncartel","noncartel","noncartel","noncartel","noncartel","noncartel","noncartel","noncartel","noncartel","noncartel"
"235","Tecomar","Transatlantic",NA,NA,NA,NA,NA,NA,NA,NA,NA,NA,NA,NA,NA,NA,NA,"noncartel","noncartel","noncartel","noncartel","noncartel","noncartel","noncartel","noncartel","noncartel","noncartel","noncartel","noncartel","noncartel"
"236","WEC","Transatlantic",NA,NA,NA,NA,NA,NA,NA,NA,NA,NA,NA,NA,NA,NA,NA,"noncartel","noncartel","noncartel","noncartel","noncartel","noncartel","noncartel","noncartel","noncartel","noncartel","noncartel","noncartel","noncartel"
"237","CPV","Transpacific",NA,NA,NA,NA,NA,NA,NA,NA,NA,NA,NA,NA,NA,NA,NA,"noncartel","noncartel","noncartel","noncartel","noncartel","noncartel","noncartel","noncartel","noncartel","noncartel","noncartel","noncartel","noncartel"
"238","NSCP","Transpacific",NA,NA,NA,NA,NA,NA,NA,NA,NA,NA,NA,NA,NA,NA,NA,"noncartel","noncartel","noncartel","noncartel","noncartel","noncartel","noncartel","noncartel","noncartel","noncartel","noncartel","noncartel","noncartel"
"239","DL","Asia and Eur",NA,NA,NA,NA,NA,NA,NA,NA,NA,NA,NA,NA,NA,NA,NA,NA,"noncartel","noncartel","noncartel","noncartel","noncartel","noncartel","noncartel","noncartel","noncartel","noncartel","noncartel","noncartel"
"240","Omex","Asia and Eur",NA,NA,NA,NA,NA,NA,NA,NA,NA,NA,NA,NA,NA,NA,NA,NA,"noncartel","noncartel","noncartel","noncartel","noncartel","noncartel","noncartel","noncartel","noncartel","noncartel","noncartel","noncartel"
"241","AmTrans","Transatlantic",NA,NA,NA,NA,NA,NA,NA,NA,NA,NA,NA,NA,NA,NA,NA,NA,"noncartel","noncartel","noncartel","noncartel","noncartel","noncartel","noncartel","noncartel","noncartel","noncartel","noncartel","noncartel"
"242","Atlantic Cargo Service","Transatlantic",NA,NA,NA,NA,NA,NA,NA,NA,NA,NA,NA,NA,NA,NA,NA,NA,"noncartel","noncartel","noncartel","noncartel","noncartel","noncartel","noncartel","noncartel","noncartel","noncartel","noncartel","noncartel"
"243","Contship","Transatlantic",NA,NA,NA,NA,NA,NA,NA,NA,NA,NA,NA,NA,NA,NA,NA,NA,"noncartel","noncartel","noncartel","noncartel","noncartel","noncartel","noncartel","noncartel","noncartel","noncartel","noncartel","noncartel"
"244","Havenlijn","Transatlantic",NA,NA,NA,NA,NA,NA,NA,NA,NA,NA,NA,NA,NA,NA,NA,NA,"noncartel","noncartel","noncartel","noncartel","noncartel","noncartel","noncartel","noncartel","noncartel","noncartel","noncartel","noncartel"
"245","Lloyd Brasileiro","Transatlantic",NA,NA,NA,NA,NA,NA,NA,NA,NA,NA,NA,NA,NA,NA,NA,NA,"noncartel","noncartel","noncartel","noncartel","noncartel","noncartel","noncartel","noncartel","noncartel","noncartel","noncartel","noncartel"
"246","Maruba","Transatlantic",NA,NA,NA,NA,NA,NA,NA,NA,NA,NA,NA,NA,NA,NA,NA,NA,"noncartel","noncartel","noncartel","noncartel","noncartel","noncartel","noncartel","noncartel","noncartel","noncartel","noncartel","noncartel"
"247","Transroll","Transatlantic",NA,NA,NA,NA,NA,NA,NA,NA,NA,NA,NA,NA,NA,NA,NA,NA,"noncartel","noncartel","noncartel","noncartel","noncartel","noncartel","noncartel","noncartel","noncartel","noncartel","noncartel","noncartel"
"248","Japan Line","Transpacific",NA,NA,NA,NA,NA,NA,NA,NA,NA,NA,NA,NA,NA,NA,NA,NA,"cartel","cartel","cartel","cartel","cartel","cartel","cartel","cartel","cartel","cartel","cartel","cartel"
"249","Contship","Asia and Eur",NA,NA,NA,NA,NA,NA,NA,NA,NA,NA,NA,NA,NA,NA,NA,NA,NA,"noncartel","noncartel","noncartel","noncartel","noncartel","noncartel","noncartel","noncartel","noncartel","noncartel","noncartel"
"250","Alianca","Transatlantic",NA,NA,NA,NA,NA,NA,NA,NA,NA,NA,NA,NA,NA,NA,NA,NA,NA,"noncartel","noncartel","noncartel","noncartel","noncartel","noncartel","noncartel","noncartel","noncartel","noncartel","noncartel"
"251","EAC West Africa","Transatlantic",NA,NA,NA,NA,NA,NA,NA,NA,NA,NA,NA,NA,NA,NA,NA,NA,NA,"cartel","cartel","cartel","cartel","cartel","cartel","cartel","cartel","cartel","cartel","cartel"
"252","Empremar","Transatlantic",NA,NA,NA,NA,NA,NA,NA,NA,NA,NA,NA,NA,NA,NA,NA,NA,NA,"noncartel","noncartel","noncartel","noncartel","noncartel","noncartel","noncartel","noncartel","noncartel","noncartel","noncartel"
"253","EWL","Transatlantic",NA,NA,NA,NA,NA,NA,NA,NA,NA,NA,NA,NA,NA,NA,NA,NA,NA,"noncartel","noncartel","noncartel","noncartel","noncartel","noncartel","noncartel","noncartel","noncartel","noncartel","noncartel"
"254","Fred Olsen","Transatlantic",NA,NA,NA,NA,NA,NA,NA,NA,NA,NA,NA,NA,NA,NA,NA,NA,NA,"noncartel","noncartel","noncartel","noncartel","noncartel","noncartel","noncartel","noncartel","noncartel","noncartel","noncartel"
"255","Hamburg-Sud","Transatlantic",NA,NA,NA,NA,NA,NA,NA,NA,NA,NA,NA,NA,NA,NA,NA,NA,NA,"noncartel","noncartel","noncartel","noncartel","noncartel","noncartel","noncartel","noncartel","noncartel","noncartel","noncartel"
"256","CSC","Asia and Eur",NA,NA,NA,NA,NA,NA,NA,NA,NA,NA,NA,NA,NA,NA,NA,NA,NA,NA,"noncartel","noncartel","noncartel","noncartel","noncartel","noncartel","noncartel","noncartel","noncartel","noncartel"
"257","Merzario","Asia and Eur",NA,NA,NA,NA,NA,NA,NA,NA,NA,NA,NA,NA,NA,NA,NA,NA,NA,NA,"noncartel","noncartel","noncartel","noncartel","noncartel","noncartel","noncartel","noncartel","noncartel","noncartel"
"258","NSCSA","Asia and Eur",NA,NA,NA,NA,NA,NA,NA,NA,NA,NA,NA,NA,NA,NA,NA,NA,NA,NA,"noncartel","noncartel","noncartel","noncartel","noncartel","noncartel","noncartel","noncartel","noncartel","noncartel"
"259","Caribtainer","Transatlantic",NA,NA,NA,NA,NA,NA,NA,NA,NA,NA,NA,NA,NA,NA,NA,NA,NA,NA,"noncartel","noncartel","noncartel","noncartel","noncartel","noncartel","noncartel","noncartel","noncartel","noncartel"
"260","Europe Paraguay","Transatlantic",NA,NA,NA,NA,NA,NA,NA,NA,NA,NA,NA,NA,NA,NA,NA,NA,NA,NA,"noncartel","noncartel","noncartel","noncartel","noncartel","noncartel","noncartel","noncartel","noncartel","noncartel"
"261","PNSC","Transpacific",NA,NA,NA,NA,NA,NA,NA,NA,NA,NA,NA,NA,NA,NA,NA,NA,NA,NA,"noncartel","noncartel","noncartel","noncartel","noncartel","noncartel","noncartel","noncartel","noncartel","noncartel"
"262","Independent","Transatlantic",NA,NA,NA,NA,NA,NA,NA,NA,NA,NA,NA,NA,NA,NA,NA,NA,NA,NA,NA,"noncartel","noncartel","noncartel","noncartel","noncartel","noncartel","noncartel","noncartel","noncartel"
"263","PSNC","Transatlantic",NA,NA,NA,NA,NA,NA,NA,NA,NA,NA,NA,NA,NA,NA,NA,NA,NA,NA,NA,"noncartel","noncartel","noncartel","noncartel","noncartel","noncartel","noncartel","noncartel","noncartel"
"264","Transnave","Transatlantic",NA,NA,NA,NA,NA,NA,NA,NA,NA,NA,NA,NA,NA,NA,NA,NA,NA,NA,NA,"noncartel","noncartel","noncartel","noncartel","noncartel","noncartel","noncartel","noncartel","noncartel"
"265","Kyowa","Transpacific",NA,NA,NA,NA,NA,NA,NA,NA,NA,NA,NA,NA,NA,NA,NA,NA,NA,NA,NA,"noncartel","noncartel","noncartel","noncartel","noncartel","noncartel","noncartel","noncartel","noncartel"
"266","Compagnie maritime d'affretement","Asia and Eur",NA,NA,NA,NA,NA,NA,NA,NA,NA,NA,NA,NA,NA,NA,NA,NA,NA,NA,NA,NA,"noncartel","noncartel","noncartel","noncartel","noncartel","noncartel","noncartel","noncartel"
"267","Arpa Shipping BV","Transatlantic",NA,NA,NA,NA,NA,NA,NA,NA,NA,NA,NA,NA,NA,NA,NA,NA,NA,NA,NA,NA,"noncartel","noncartel","noncartel","noncartel","noncartel","noncartel","noncartel","noncartel"
"268","Booth","Transatlantic",NA,NA,NA,NA,NA,NA,NA,NA,NA,NA,NA,NA,NA,NA,NA,NA,NA,NA,NA,NA,"noncartel","noncartel","noncartel","noncartel","noncartel","noncartel","noncartel","noncartel"
"269","Compagnie Maritime Belge","Transatlantic",NA,NA,NA,NA,NA,NA,NA,NA,NA,NA,NA,NA,NA,NA,NA,NA,NA,NA,NA,NA,"noncartel","noncartel","noncartel","noncartel","noncartel","noncartel","noncartel","noncartel"
"270","CTC","Transatlantic",NA,NA,NA,NA,NA,NA,NA,NA,NA,NA,NA,NA,NA,NA,NA,NA,NA,NA,NA,NA,"noncartel","noncartel","noncartel","noncartel","noncartel","noncartel","noncartel","noncartel"
"271","Samband","Transatlantic",NA,NA,NA,NA,NA,NA,NA,NA,NA,NA,NA,NA,NA,NA,NA,NA,NA,NA,NA,NA,"noncartel","noncartel","noncartel","noncartel","noncartel","noncartel","noncartel","noncartel"
"272","Topgallant","Transatlantic",NA,NA,NA,NA,NA,NA,NA,NA,NA,NA,NA,NA,NA,NA,NA,NA,NA,NA,NA,NA,"noncartel","noncartel","noncartel","noncartel","noncartel","noncartel","noncartel","noncartel"
"273","GBCS","Transpacific",NA,NA,NA,NA,NA,NA,NA,NA,NA,NA,NA,NA,NA,NA,NA,NA,NA,NA,NA,NA,"noncartel","noncartel","noncartel","noncartel","noncartel","noncartel","noncartel","noncartel"
"274","Conship","Asia and Eur",NA,NA,NA,NA,NA,NA,NA,NA,NA,NA,NA,NA,NA,NA,NA,NA,NA,NA,NA,NA,NA,"noncartel","noncartel","noncartel","noncartel","noncartel","noncartel","noncartel"
"275","DSR","Asia and Eur",NA,NA,NA,NA,NA,NA,NA,NA,NA,NA,NA,NA,NA,NA,NA,NA,NA,NA,NA,NA,NA,"cartel","cartel","cartel","cartel","cartel","cartel","cartel"
"276","Norasia","Asia and Eur",NA,NA,NA,NA,NA,NA,NA,NA,NA,NA,NA,NA,NA,NA,NA,NA,NA,NA,NA,NA,NA,"noncartel","noncartel","noncartel","noncartel","noncartel","noncartel","noncartel"
"277","Brisa","Transatlantic",NA,NA,NA,NA,NA,NA,NA,NA,NA,NA,NA,NA,NA,NA,NA,NA,NA,NA,NA,NA,NA,"noncartel","noncartel","noncartel","noncartel","noncartel","noncartel","noncartel"
"278","Hyundai Merchant Marine Co Ltd","Transpacific",NA,NA,NA,NA,NA,NA,NA,NA,NA,NA,NA,NA,NA,NA,NA,NA,NA,NA,NA,NA,NA,"noncartel","noncartel","noncartel","noncartel","noncartel","noncartel","noncartel"
"279","MOL/NYK","Transpacific",NA,NA,NA,NA,NA,NA,NA,NA,NA,NA,NA,NA,NA,NA,NA,NA,NA,NA,NA,NA,NA,"cartel","cartel","cartel","cartel","cartel","cartel","cartel"
"280","Westwood","Transpacific",NA,NA,NA,NA,NA,NA,NA,NA,NA,NA,NA,NA,NA,NA,NA,NA,NA,NA,NA,NA,NA,"noncartel","noncartel","noncartel","noncartel","noncartel","noncartel","noncartel"
"281","Cho Yang","Asia and Eur",NA,NA,NA,NA,NA,NA,NA,NA,NA,NA,NA,NA,NA,NA,NA,NA,NA,NA,NA,NA,NA,NA,"cartel","cartel","cartel","cartel","cartel","cartel"
"282","Wan Hai","Asia and Eur",NA,NA,NA,NA,NA,NA,NA,NA,NA,NA,NA,NA,NA,NA,NA,NA,NA,NA,NA,NA,NA,NA,"noncartel","noncartel","noncartel","noncartel","noncartel","noncartel"
"283","Grimaldi","Transatlantic",NA,NA,NA,NA,NA,NA,NA,NA,NA,NA,NA,NA,NA,NA,NA,NA,NA,NA,NA,NA,NA,NA,"noncartel","noncartel","noncartel","noncartel","noncartel","noncartel"
"284","Nissan","Transpacific",NA,NA,NA,NA,NA,NA,NA,NA,NA,NA,NA,NA,NA,NA,NA,NA,NA,NA,NA,NA,NA,NA,"noncartel","noncartel","noncartel","noncartel","noncartel","noncartel"
"285","UMAG","Transatlantic",NA,NA,NA,NA,NA,NA,NA,NA,NA,NA,NA,NA,NA,NA,NA,NA,NA,NA,NA,NA,NA,NA,NA,"noncartel","noncartel","noncartel","noncartel","noncartel"
"286","Polish Ocean Lines","Transpacific",NA,NA,NA,NA,NA,NA,NA,NA,NA,NA,NA,NA,NA,NA,NA,NA,NA,NA,NA,NA,NA,NA,NA,"cartel","cartel","cartel","cartel","cartel"
