"","operator","market","1965","1966","1967","1968","1969","1970","1971","1972","1973","1974","1975","1976","1977","1978","1979","1980","1981","1982","1983","1984","1985","1986","1987","1988","1989","1990","1991","1992"
"1","d'Amico","Transatlantic",2,2,2,2,2,3,4,4,4,4,4,4,4,4,5,5,5,5,5,5,5,6,6,7,7,7,7,7
"2","Farrell Lines","Transatlantic",1,1,1,1,1,1,1,1,1,1,1,1,1,1,2,3,NA,NA,NA,NA,NA,NA,NA,NA,NA,NA,NA,NA
"3","Grancolombiana","Transatlantic",1,1,1,1,1,1,1,1,1,1,1,1,1,1,1,1,1,1,1,1,1,1,1,1,1,1,1,1
"4","Lykes Lines","Transatlantic",4,4,4,5,6,6,6,9,15,15,15,15,16,16,16,16,16,16,16,16,16,16,16,16,16,16,16,16
"5","Moore-McCormack Lines Inc","Transatlantic",6,6,6,6,6,6,NA,NA,NA,NA,NA,NA,NA,NA,NA,NA,NA,NA,NA,NA,NA,NA,NA,NA,NA,NA,NA,NA
"6","Sea-Land","Transatlantic",4,4,4,6,10,12,17,18,22,24,24,24,24,24,24,24,24,24,24,28,36,36,36,36,36,36,36,36
"7","Star Shipping","Transatlantic",3,3,3,7,9,12,12,12,13,13,13,13,17,20,20,20,20,20,20,21,21,25,26,26,26,26,26,26
"8","United States Lines","Transatlantic",3,3,3,6,9,17,19,19,19,19,19,19,19,19,19,19,19,19,19,19,19,NA,NA,NA,NA,NA,NA,NA
"9","Farrell Lines","Transpacific",3,3,3,3,3,3,3,3,3,3,3,3,3,3,3,NA,NA,NA,NA,NA,NA,NA,NA,NA,NA,NA,NA,NA
"10","Galleon","Transpacific",4,4,4,4,4,4,4,4,4,4,4,4,4,4,4,4,4,4,4,4,4,4,4,4,4,4,4,4
"11","Knutsen Line","Transpacific",1,1,1,1,1,2,6,6,6,6,6,6,6,7,7,7,7,7,NA,NA,NA,NA,NA,NA,NA,NA,NA,NA
"12","Lykes Lines","Transpacific",4,4,4,4,4,4,4,4,4,4,4,6,7,7,7,7,7,7,7,7,7,7,7,7,7,7,7,7
"13","Matson","Transpacific",4,4,4,4,8,8,NA,NA,NA,NA,NA,NA,NA,NA,NA,NA,NA,NA,NA,NA,NA,NA,NA,NA,NA,NA,NA,NA
"14","Seatrain Lines","Transatlantic",NA,3,10,11,11,12,15,18,18,18,18,20,20,21,26,26,NA,NA,NA,NA,NA,NA,NA,NA,NA,NA,NA,NA
"15","Maersk","Asia and Eur",NA,NA,1,4,4,4,4,4,4,4,4,4,4,4,5,5,5,6,6,7,7,7,9,9,9,9,9,9
"16","ScanDutch","Asia and Eur",NA,NA,1,1,1,1,1,4,8,9,9,12,13,13,14,14,14,14,17,19,19,20,20,20,20,20,20,20
"17","Atlantic Container Line","Transatlantic",NA,NA,4,4,8,10,10,10,10,10,10,10,10,10,10,10,10,10,10,10,11,11,14,15,15,15,15,15
"18","Cie Generale Maritime","Transatlantic",NA,NA,1,1,1,1,1,1,1,1,1,1,3,5,6,8,9,9,9,9,9,9,9,9,9,NA,NA,NA
"19","GSAL","Transatlantic",NA,NA,3,4,4,4,4,4,4,4,4,4,4,4,4,4,5,5,5,5,5,5,5,5,5,5,5,5
"20","Ybarra","Transatlantic",NA,NA,2,2,2,2,2,2,2,2,2,2,2,2,2,2,2,2,2,2,2,2,3,3,3,3,3,3
"21","Hoegh Lines","Transpacific",NA,NA,1,3,3,5,5,5,5,5,5,5,5,5,9,9,9,9,9,12,12,12,12,12,12,12,12,12
"22","Maersk","Transpacific",NA,NA,1,3,4,4,4,7,7,8,8,8,8,15,15,15,15,15,15,15,15,15,15,15,15,15,15,15
"23","Hapag-Lloyd","Transatlantic",NA,NA,NA,4,4,4,4,4,4,4,4,5,9,12,15,17,17,17,17,18,19,19,19,19,19,19,19,19
"24","Manchester Liners","Transatlantic",NA,NA,NA,3,4,4,6,6,7,8,8,8,8,8,8,8,8,8,8,8,8,8,8,8,8,NA,NA,NA
"25","American Mail Line","Transpacific",NA,NA,NA,3,5,5,5,8,NA,NA,NA,NA,NA,NA,NA,NA,NA,NA,NA,NA,NA,NA,NA,NA,NA,NA,NA,NA
"26","American President Lines","Transpacific",NA,NA,NA,4,8,8,8,22,25,25,25,25,25,26,26,26,27,28,28,28,28,28,28,28,28,28,28,28
"27","Japanese joint service","Transpacific",NA,NA,NA,6,7,10,12,16,22,22,22,22,22,22,22,22,22,22,22,22,22,22,22,22,22,22,22,22
"28","NYK","Transpacific",NA,NA,NA,1,1,1,1,2,3,5,5,7,7,9,9,10,10,11,11,14,14,19,22,22,22,22,22,22
"29","Star Shipping","Transpacific",NA,NA,NA,1,2,5,5,5,5,5,5,5,6,8,8,8,8,8,8,8,8,8,8,8,8,8,8,8
"30","American Export Lines","Transatlantic",NA,NA,NA,NA,4,5,5,7,8,8,8,8,8,NA,NA,NA,NA,NA,NA,NA,NA,NA,NA,NA,NA,NA,NA,NA
"31","Cast Line","Transatlantic",NA,NA,NA,NA,1,1,1,1,1,2,2,2,3,6,7,7,NA,NA,NA,NA,NA,NA,NA,NA,NA,NA,NA,NA
"32","CP Ships","Transatlantic",NA,NA,NA,NA,1,2,4,4,4,4,4,4,4,4,4,4,4,4,4,4,4,4,4,4,4,4,4,4
"33","Johnson-Scanstar","Transatlantic",NA,NA,NA,NA,2,4,8,9,9,9,9,9,9,9,9,9,9,9,9,9,9,9,9,9,9,NA,NA,NA
"34","Johnson Line","Transatlantic",NA,NA,NA,NA,1,2,2,2,NA,NA,NA,NA,NA,NA,NA,NA,NA,NA,NA,NA,NA,NA,NA,NA,NA,NA,NA,NA
"35","Joon Liner","Transatlantic",NA,NA,NA,NA,1,1,1,1,1,1,1,1,1,1,1,1,2,2,4,4,4,4,4,4,4,4,4,4
"36","Marasia","Transatlantic",NA,NA,NA,NA,1,1,1,1,1,1,1,1,1,1,1,1,1,1,1,1,1,1,1,1,1,1,1,1
"37","Uiterwyck Lines","Transatlantic",NA,NA,NA,NA,1,1,1,1,1,1,1,1,2,3,3,3,3,3,3,3,3,3,3,3,3,3,3,3
"38","Great Eastern Shipping Corp","Transpacific",NA,NA,NA,NA,1,1,1,1,1,1,2,4,4,4,4,4,4,4,4,4,4,4,4,4,4,4,4,4
"39","Yangming","Transpacific",NA,NA,NA,NA,1,3,3,3,3,3,3,3,3,7,7,7,7,7,7,7,7,7,7,7,7,7,7,7
"40","Cosco","Asia and Eur",NA,NA,NA,NA,NA,1,3,5,6,6,6,6,6,6,8,8,9,13,16,20,27,30,30,30,30,30,30,30
"41","MSC","Asia and Eur",NA,NA,NA,NA,NA,2,4,5,5,5,5,5,5,6,6,6,6,6,6,6,6,6,6,6,6,6,6,6
"42","Atkabtuca SpA","Transatlantic",NA,NA,NA,NA,NA,1,2,4,4,4,4,4,4,4,4,4,4,4,4,4,4,4,4,4,4,4,4,4
"43","Ciamar","Transatlantic",NA,NA,NA,NA,NA,2,2,2,2,2,2,2,2,2,2,2,2,3,3,3,3,3,3,3,3,3,3,3
"44","Dart Containerline","Transatlantic",NA,NA,NA,NA,NA,2,3,3,3,3,3,3,3,4,4,4,4,4,4,4,4,4,4,4,4,NA,NA,NA
"45","Lash Carriers","Transatlantic",NA,NA,NA,NA,NA,1,1,1,1,1,1,1,1,1,1,1,1,1,1,1,1,1,1,1,1,1,1,1
"46","Lauro","Transatlantic",NA,NA,NA,NA,NA,1,1,1,1,1,1,1,1,1,1,1,1,1,1,1,1,1,1,1,1,NA,NA,NA
"47","Prudential Grace Line","Transatlantic",NA,NA,NA,NA,NA,1,3,3,3,3,3,3,3,3,3,3,3,3,3,3,3,3,3,3,3,NA,NA,NA
"48","Prudential Lines","Transatlantic",NA,NA,NA,NA,NA,1,1,3,3,3,3,3,3,3,3,3,3,3,3,3,3,3,3,3,3,3,3,3
"49","Unimex/Deppe","Transatlantic",NA,NA,NA,NA,NA,2,2,3,3,4,4,4,4,4,4,4,4,4,4,4,4,4,4,4,4,4,4,4
"50","Zim","Transatlantic",NA,NA,NA,NA,NA,1,1,2,2,2,2,3,5,7,8,8,8,8,8,8,8,8,8,8,8,8,8,8
"51","Nedlloyd","Transpacific",NA,NA,NA,NA,NA,1,1,1,1,2,5,5,6,6,8,8,8,8,9,12,12,15,15,15,15,15,15,15
"52","Seaway Express Lines","Transpacific",NA,NA,NA,NA,NA,2,4,4,4,4,4,4,4,5,7,7,7,7,7,7,7,7,7,7,7,NA,NA,NA
"53","NYK","Asia and Eur",NA,NA,NA,NA,NA,NA,1,1,1,3,3,5,5,6,7,10,10,10,12,12,12,12,12,14,14,14,14,14
"54","Samudera","Asia and Eur",NA,NA,NA,NA,NA,NA,1,1,1,1,1,1,1,1,1,1,1,1,1,1,1,1,1,1,1,1,1,1
"55","TRIO","Asia and Eur",NA,NA,NA,NA,NA,NA,1,14,16,16,16,16,16,16,16,16,16,16,16,16,16,16,16,16,16,16,16,16
"56","ABC Container Line","Transatlantic",NA,NA,NA,NA,NA,NA,1,2,2,2,2,2,2,4,6,6,6,6,6,6,6,6,6,6,6,6,6,6
"57","Canmar","Transatlantic",NA,NA,NA,NA,NA,NA,2,2,2,2,2,2,2,2,2,2,4,4,4,5,5,5,5,5,5,5,5,5
"58","Cia Transatlantica Espanola","Transatlantic",NA,NA,NA,NA,NA,NA,2,2,2,2,2,2,2,2,2,2,2,2,2,2,2,2,2,2,2,2,2,2
"59","Finnlines","Transatlantic",NA,NA,NA,NA,NA,NA,2,3,3,3,3,3,3,3,3,3,3,3,3,3,3,3,3,3,3,3,3,3
"60","Italia","Transatlantic",NA,NA,NA,NA,NA,NA,1,1,1,2,2,2,2,2,3,4,4,4,5,5,5,5,5,5,7,7,7,7
"61","Italia marittima SpA","Transatlantic",NA,NA,NA,NA,NA,NA,1,1,1,2,3,4,4,7,7,7,7,7,7,7,7,7,7,7,7,7,7,7
"62","Nedlloyd","Transatlantic",NA,NA,NA,NA,NA,NA,1,4,4,4,4,4,5,5,5,6,6,6,6,6,7,7,7,7,7,7,7,7
"63","New England Express Line","Transatlantic",NA,NA,NA,NA,NA,NA,3,3,3,3,3,3,3,3,3,3,3,3,3,3,3,3,3,3,3,3,3,3
"64","OOCL","Transatlantic",NA,NA,NA,NA,NA,NA,1,3,4,4,4,4,4,4,4,4,5,5,5,5,5,5,5,5,5,5,5,5
"65","TMM","Transatlantic",NA,NA,NA,NA,NA,NA,1,1,1,1,1,1,1,1,4,5,5,5,5,5,5,6,7,7,7,7,7,7
"66","American Export Lines","Transpacific",NA,NA,NA,NA,NA,NA,4,4,4,4,4,4,4,NA,NA,NA,NA,NA,NA,NA,NA,NA,NA,NA,NA,NA,NA,NA
"67","Frota Oceanica","Transpacific",NA,NA,NA,NA,NA,NA,1,2,2,2,2,2,2,2,2,4,4,5,5,5,5,5,5,5,5,5,5,5
"68","Hanjin","Transpacific",NA,NA,NA,NA,NA,NA,1,1,1,1,1,1,3,5,9,9,10,10,10,10,10,16,17,18,19,19,19,19
"69","Hellenic Lines","Transpacific",NA,NA,NA,NA,NA,NA,3,6,6,6,6,6,6,6,6,6,6,6,NA,NA,NA,NA,NA,NA,NA,NA,NA,NA
"70","K-Line","Transpacific",NA,NA,NA,NA,NA,NA,3,3,3,4,5,6,9,10,10,10,10,12,12,12,12,16,19,19,19,19,19,19
"71","KSC","Transpacific",NA,NA,NA,NA,NA,NA,1,2,2,2,3,3,3,3,3,3,3,3,3,3,3,3,3,3,NA,NA,NA,NA
"72","OOCL","Transpacific",NA,NA,NA,NA,NA,NA,4,13,14,15,15,16,16,17,19,19,19,23,23,23,24,25,28,28,28,28,28,28
"73","Pacific Far East Line","Transpacific",NA,NA,NA,NA,NA,NA,3,5,6,6,6,6,6,6,NA,NA,NA,NA,NA,NA,NA,NA,NA,NA,NA,NA,NA,NA
"74","Phoenix Container Line","Transpacific",NA,NA,NA,NA,NA,NA,3,5,5,5,5,5,5,5,10,10,10,10,10,NA,NA,NA,NA,NA,NA,NA,NA,NA
"75","Ben Line","Asia and Eur",NA,NA,NA,NA,NA,NA,NA,2,2,2,2,2,2,2,2,2,2,2,2,2,2,2,2,2,2,2,2,2
"76","EISC","Asia and Eur",NA,NA,NA,NA,NA,NA,NA,1,2,2,2,2,2,4,4,4,4,4,4,4,4,4,4,4,4,4,4,4
"77","Hapag-Lloyd","Asia and Eur",NA,NA,NA,NA,NA,NA,NA,2,3,3,3,3,3,4,5,5,6,6,6,6,6,7,8,8,10,10,10,10
"78","Jugolinija","Asia and Eur",NA,NA,NA,NA,NA,NA,NA,1,1,1,1,1,1,2,4,5,6,7,8,8,8,8,8,8,8,8,8,8
"79","Med-Club","Asia and Eur",NA,NA,NA,NA,NA,NA,NA,4,4,5,5,5,5,5,5,5,5,5,5,5,5,5,5,5,5,5,5,5
"80","Occon Line","Asia and Eur",NA,NA,NA,NA,NA,NA,NA,1,2,3,4,4,4,4,4,4,4,4,4,4,4,4,4,4,4,4,4,4
"81","OCL","Asia and Eur",NA,NA,NA,NA,NA,NA,NA,1,1,1,1,1,1,1,1,1,1,1,1,1,1,1,NA,NA,NA,NA,NA,NA
"82","OOCL","Asia and Eur",NA,NA,NA,NA,NA,NA,NA,6,6,7,7,8,8,9,10,10,10,10,10,10,10,10,10,10,12,12,12,12
"83","Zim","Asia and Eur",NA,NA,NA,NA,NA,NA,NA,1,3,3,4,4,4,9,10,10,10,10,11,11,11,11,11,11,11,11,11,11
"84","Atlantic Lash","Transatlantic",NA,NA,NA,NA,NA,NA,NA,1,1,1,1,1,1,1,1,1,1,1,1,1,1,1,1,1,1,1,1,1
"85","Maritime Container Line","Transatlantic",NA,NA,NA,NA,NA,NA,NA,1,3,3,3,3,3,3,3,3,3,3,3,3,3,3,3,3,3,3,3,3
"86","Portline","Transatlantic",NA,NA,NA,NA,NA,NA,NA,1,1,1,1,1,1,1,1,1,1,1,1,1,1,1,1,1,1,1,1,1
"87","Trasatlantica","Transatlantic",NA,NA,NA,NA,NA,NA,NA,2,2,2,2,2,2,2,2,2,4,4,4,4,4,4,4,4,4,4,4,4
"88","USSR","Transatlantic",NA,NA,NA,NA,NA,NA,NA,1,1,1,1,1,1,1,1,1,1,1,1,1,1,1,1,1,1,1,1,1
"89","Fesco","Transpacific",NA,NA,NA,NA,NA,NA,NA,1,2,6,10,14,14,16,17,17,17,17,17,17,17,17,17,17,17,17,17,17
"90","Hapag-Lloyd","Transpacific",NA,NA,NA,NA,NA,NA,NA,1,1,1,1,1,1,1,1,1,1,1,1,1,1,1,1,1,1,1,1,1
"91","Sea-Land","Transpacific",NA,NA,NA,NA,NA,NA,NA,4,5,5,5,5,5,5,5,5,6,6,10,10,21,21,21,21,21,21,21,21
"92","Seatrain Lines","Transpacific",NA,NA,NA,NA,NA,NA,NA,4,5,5,5,5,5,9,11,11,NA,NA,NA,NA,NA,NA,NA,NA,NA,NA,NA,NA
"93","Blasco","Asia and Eur",NA,NA,NA,NA,NA,NA,NA,NA,1,1,1,1,1,1,4,7,7,7,10,11,13,14,16,17,17,17,17,17
"94","Chipolbrok","Asia and Eur",NA,NA,NA,NA,NA,NA,NA,NA,1,1,1,1,7,7,9,9,10,13,15,17,17,17,17,19,20,20,20,20
"95","Marfret","Asia and Eur",NA,NA,NA,NA,NA,NA,NA,NA,1,1,1,1,1,1,1,1,1,1,1,1,1,1,1,1,1,1,1,1
"96","Neptune Orient Lines","Asia and Eur",NA,NA,NA,NA,NA,NA,NA,NA,2,2,2,3,4,4,4,4,4,4,4,4,4,4,4,5,5,5,5,5
"97","Sea-Land","Asia and Eur",NA,NA,NA,NA,NA,NA,NA,NA,1,1,1,1,1,1,1,1,1,1,1,1,3,3,3,3,3,3,3,3
"98","Baltatlantic","Transatlantic",NA,NA,NA,NA,NA,NA,NA,NA,1,1,1,1,1,1,1,1,1,1,1,1,1,1,1,1,1,NA,NA,NA
"99","Bank Line","Transatlantic",NA,NA,NA,NA,NA,NA,NA,NA,2,4,4,4,4,4,4,4,4,4,4,4,4,4,4,4,4,4,4,4
"100","CCL","Transatlantic",NA,NA,NA,NA,NA,NA,NA,NA,1,1,1,1,1,1,1,1,1,1,1,1,1,1,1,1,1,1,1,1
"101","Combi Line","Transatlantic",NA,NA,NA,NA,NA,NA,NA,NA,3,3,3,3,3,3,3,3,3,3,3,3,3,3,3,3,3,3,3,3
"102","Eurosal","Transatlantic",NA,NA,NA,NA,NA,NA,NA,NA,1,1,1,1,1,3,4,4,4,4,4,4,4,4,4,4,4,4,4,4
"103","Falline","Transatlantic",NA,NA,NA,NA,NA,NA,NA,NA,1,1,1,1,1,1,2,2,2,2,2,2,2,2,2,2,2,2,2,2
"104","Jugolinija","Transatlantic",NA,NA,NA,NA,NA,NA,NA,NA,2,2,3,3,5,6,9,10,14,14,14,14,14,14,16,16,16,16,16,16
"105","USSR","Transpacific",NA,NA,NA,NA,NA,NA,NA,NA,3,3,3,3,3,3,3,3,3,3,3,3,3,3,3,3,3,3,3,3
"106","Zim","Transpacific",NA,NA,NA,NA,NA,NA,NA,NA,1,1,1,1,1,1,1,1,1,1,1,1,1,1,1,1,1,1,1,1
"107","MOL","Asia and Eur",NA,NA,NA,NA,NA,NA,NA,NA,NA,1,1,1,3,4,5,5,6,6,6,6,6,6,6,7,7,7,7,7
"108","MSC","Transatlantic",NA,NA,NA,NA,NA,NA,NA,NA,NA,3,3,3,3,3,3,3,3,3,3,3,3,3,3,3,3,3,3,3
"109","Trans Freight Lines","Transatlantic",NA,NA,NA,NA,NA,NA,NA,NA,NA,1,1,1,1,6,6,6,6,7,7,7,7,7,7,7,7,NA,NA,NA
"110","Y-S Line","Transatlantic",NA,NA,NA,NA,NA,NA,NA,NA,NA,1,1,1,1,1,1,1,1,1,1,1,1,1,1,1,NA,NA,NA,NA
"111","Atlanttrafik/Barber Blue Sea","Transpacific",NA,NA,NA,NA,NA,NA,NA,NA,NA,1,1,1,1,3,3,3,3,3,3,3,3,3,3,3,3,3,3,3
"112","Cosco","Transpacific",NA,NA,NA,NA,NA,NA,NA,NA,NA,1,1,1,1,4,4,9,9,9,9,9,13,15,15,15,16,16,16,16
"113","K-Line","Asia and Eur",NA,NA,NA,NA,NA,NA,NA,NA,NA,NA,1,1,1,1,1,1,1,1,1,1,1,1,1,1,4,4,4,4
"114","Blasco","Transatlantic",NA,NA,NA,NA,NA,NA,NA,NA,NA,NA,4,4,4,4,4,4,4,4,4,4,4,4,4,4,4,4,4,4
"115","BSC","Transatlantic",NA,NA,NA,NA,NA,NA,NA,NA,NA,NA,1,1,2,3,3,3,3,3,3,3,3,3,3,3,3,3,3,3
"116","Montemar","Transatlantic",NA,NA,NA,NA,NA,NA,NA,NA,NA,NA,1,1,1,1,2,2,2,2,3,4,4,4,4,4,4,4,4,4
"117","Evergreen","Transpacific",NA,NA,NA,NA,NA,NA,NA,NA,NA,NA,2,7,13,16,18,18,18,18,18,24,24,24,24,24,24,24,24,24
"118","Blue Funnel Kine","Asia and Eur",NA,NA,NA,NA,NA,NA,NA,NA,NA,NA,NA,1,1,1,1,1,1,1,1,1,1,1,1,1,1,1,1,1
"119","ENC","Asia and Eur",NA,NA,NA,NA,NA,NA,NA,NA,NA,NA,NA,1,1,1,1,1,1,1,2,2,2,2,2,2,2,2,2,2
"120","Franco-Belgian Services","Asia and Eur",NA,NA,NA,NA,NA,NA,NA,NA,NA,NA,NA,2,3,3,3,3,3,3,3,3,3,3,3,3,3,3,3,3
"121","Mixte","Asia and Eur",NA,NA,NA,NA,NA,NA,NA,NA,NA,NA,NA,1,1,1,1,1,1,1,1,1,1,1,1,1,1,1,1,1
"122","Contract Marine Carriers","Transatlantic",NA,NA,NA,NA,NA,NA,NA,NA,NA,NA,NA,1,4,6,6,6,6,6,6,6,6,6,6,6,6,6,6,6
"123","Latvian Shipping Co","Transatlantic",NA,NA,NA,NA,NA,NA,NA,NA,NA,NA,NA,1,1,1,1,1,1,1,1,1,1,1,1,1,1,1,1,1
"124","Nav del Odiel","Transatlantic",NA,NA,NA,NA,NA,NA,NA,NA,NA,NA,NA,3,3,3,3,3,3,3,3,3,3,3,3,3,3,3,3,3
"125","ScanPacific Line","Transatlantic",NA,NA,NA,NA,NA,NA,NA,NA,NA,NA,NA,1,1,1,1,1,1,1,1,1,1,1,1,1,1,1,1,1
"126","Splosna Plovba","Transatlantic",NA,NA,NA,NA,NA,NA,NA,NA,NA,NA,NA,3,5,8,8,8,9,9,11,11,11,11,11,11,11,11,11,11
"127","Elma","Transpacific",NA,NA,NA,NA,NA,NA,NA,NA,NA,NA,NA,2,4,4,4,4,4,4,4,4,4,4,4,4,4,4,4,4
"128","MOL","Transpacific",NA,NA,NA,NA,NA,NA,NA,NA,NA,NA,NA,2,2,3,4,5,7,7,9,9,10,15,15,18,20,20,20,20
"129","Y-S Line","Transpacific",NA,NA,NA,NA,NA,NA,NA,NA,NA,NA,NA,1,1,2,2,2,2,2,2,2,2,2,2,2,NA,NA,NA,NA
"130","Admiral Lines","Asia and Eur",NA,NA,NA,NA,NA,NA,NA,NA,NA,NA,NA,NA,1,1,1,1,1,1,1,1,1,1,1,1,1,1,1,1
"131","Chargeurs Reunis","Asia and Eur",NA,NA,NA,NA,NA,NA,NA,NA,NA,NA,NA,NA,1,1,1,1,1,1,1,1,1,1,1,1,1,1,1,1
"132","Cie Generale Maritime","Asia and Eur",NA,NA,NA,NA,NA,NA,NA,NA,NA,NA,NA,NA,8,8,8,8,8,8,8,8,8,9,11,11,11,11,11,11
"133","Compagnie Maritime Belge","Asia and Eur",NA,NA,NA,NA,NA,NA,NA,NA,NA,NA,NA,NA,1,2,3,5,7,7,8,8,8,8,8,8,9,9,9,9
"134","East Asiatic Co. A/S","Asia and Eur",NA,NA,NA,NA,NA,NA,NA,NA,NA,NA,NA,NA,2,2,2,2,2,2,2,2,2,2,2,2,2,2,2,2
"135","Finland Steamship","Asia and Eur",NA,NA,NA,NA,NA,NA,NA,NA,NA,NA,NA,NA,1,1,1,1,1,1,1,1,1,1,1,1,1,1,1,1
"136","Hong Kong Cont Line","Asia and Eur",NA,NA,NA,NA,NA,NA,NA,NA,NA,NA,NA,NA,2,2,2,2,2,2,2,2,2,2,2,2,2,2,2,2
"137","Nedlloyd","Asia and Eur",NA,NA,NA,NA,NA,NA,NA,NA,NA,NA,NA,NA,1,1,1,1,1,1,1,2,2,2,2,2,2,2,2,2
"138","P&O Containers","Asia and Eur",NA,NA,NA,NA,NA,NA,NA,NA,NA,NA,NA,NA,2,2,2,2,2,2,2,2,3,3,4,4,6,6,6,6
"139","Sinotrans","Asia and Eur",NA,NA,NA,NA,NA,NA,NA,NA,NA,NA,NA,NA,1,1,1,1,1,1,3,3,3,3,3,3,3,3,3,3
"140","Deutsche Afrika-Linien","Transatlantic",NA,NA,NA,NA,NA,NA,NA,NA,NA,NA,NA,NA,1,1,1,1,1,1,1,1,1,1,1,1,1,1,1,1
"141","Elma","Transatlantic",NA,NA,NA,NA,NA,NA,NA,NA,NA,NA,NA,NA,3,6,7,8,9,11,11,11,11,11,12,12,13,13,13,13
"142","Euro-Gulf","Transatlantic",NA,NA,NA,NA,NA,NA,NA,NA,NA,NA,NA,NA,2,2,3,3,3,4,4,4,4,4,4,4,4,4,4,4
"143","Harrison Line","Transatlantic",NA,NA,NA,NA,NA,NA,NA,NA,NA,NA,NA,NA,2,2,2,3,3,3,3,3,3,3,3,3,3,3,3,3
"144","Hoegh Lines","Transatlantic",NA,NA,NA,NA,NA,NA,NA,NA,NA,NA,NA,NA,6,6,6,6,6,6,6,6,6,6,6,6,6,6,6,6
"145","Ibero Lines","Transatlantic",NA,NA,NA,NA,NA,NA,NA,NA,NA,NA,NA,NA,2,2,2,2,2,2,2,2,2,2,2,2,2,NA,NA,NA
"146","KNSM","Transatlantic",NA,NA,NA,NA,NA,NA,NA,NA,NA,NA,NA,NA,1,1,1,1,1,1,1,1,1,1,1,1,1,1,1,1
"147","OPDR","Transatlantic",NA,NA,NA,NA,NA,NA,NA,NA,NA,NA,NA,NA,1,1,1,1,1,4,4,4,4,4,4,4,4,4,4,4
"148","Seas","Transatlantic",NA,NA,NA,NA,NA,NA,NA,NA,NA,NA,NA,NA,1,1,1,1,1,1,1,1,1,1,1,1,1,1,1,1
"149","Bank Line","Transpacific",NA,NA,NA,NA,NA,NA,NA,NA,NA,NA,NA,NA,1,1,1,1,1,1,1,1,1,1,1,1,1,1,1,1
"150","Barber Blue Sea Line","Transpacific",NA,NA,NA,NA,NA,NA,NA,NA,NA,NA,NA,NA,7,9,12,12,12,12,12,12,12,12,12,12,12,12,12,12
"151","Canisa","Transpacific",NA,NA,NA,NA,NA,NA,NA,NA,NA,NA,NA,NA,1,1,1,1,1,1,1,1,1,1,1,1,1,1,1,1
"152","Ro-Lo Pacific Line","Transpacific",NA,NA,NA,NA,NA,NA,NA,NA,NA,NA,NA,NA,2,2,2,2,2,2,2,2,2,2,2,2,2,2,2,2
"153","United States Lines","Transpacific",NA,NA,NA,NA,NA,NA,NA,NA,NA,NA,NA,NA,1,1,1,1,1,1,1,1,NA,NA,NA,NA,NA,NA,NA,NA
"154","Admiral Shipping","Asia and Eur",NA,NA,NA,NA,NA,NA,NA,NA,NA,NA,NA,NA,NA,3,3,3,3,3,3,3,3,3,3,3,3,3,3,3
"155","BSC","Asia and Eur",NA,NA,NA,NA,NA,NA,NA,NA,NA,NA,NA,NA,NA,1,1,1,1,1,1,1,1,1,1,1,7,7,7,7
"156","Evergreen","Asia and Eur",NA,NA,NA,NA,NA,NA,NA,NA,NA,NA,NA,NA,NA,10,12,15,15,15,16,16,16,16,16,16,16,16,16,16
"157","India SS","Asia and Eur",NA,NA,NA,NA,NA,NA,NA,NA,NA,NA,NA,NA,NA,1,1,1,1,1,1,1,1,1,1,1,1,1,1,1
"158","Norient Line","Asia and Eur",NA,NA,NA,NA,NA,NA,NA,NA,NA,NA,NA,NA,NA,1,2,2,2,2,2,2,2,2,2,2,2,2,2,2
"159","TFH Line","Asia and Eur",NA,NA,NA,NA,NA,NA,NA,NA,NA,NA,NA,NA,NA,1,3,3,4,4,4,4,4,4,4,4,4,4,4,4
"160","Wilhelmsen Lines A/S","Asia and Eur",NA,NA,NA,NA,NA,NA,NA,NA,NA,NA,NA,NA,NA,1,4,4,4,5,5,6,6,6,6,6,6,6,6,6
"161","Canmar/OOCL","Transatlantic",NA,NA,NA,NA,NA,NA,NA,NA,NA,NA,NA,NA,NA,1,1,1,1,1,1,1,1,1,1,1,1,NA,NA,NA
"162","CD","Transatlantic",NA,NA,NA,NA,NA,NA,NA,NA,NA,NA,NA,NA,NA,1,1,1,1,1,2,2,2,2,2,2,2,2,2,2
"163","Compania Chilena de Navegacion Interoceanica","Transatlantic",NA,NA,NA,NA,NA,NA,NA,NA,NA,NA,NA,NA,NA,2,2,2,2,2,2,2,2,2,2,2,2,2,2,2
"164","Constellation","Transatlantic",NA,NA,NA,NA,NA,NA,NA,NA,NA,NA,NA,NA,NA,1,1,1,1,1,1,1,1,1,2,2,2,2,2,2
"165","Deppe","Transatlantic",NA,NA,NA,NA,NA,NA,NA,NA,NA,NA,NA,NA,NA,1,1,1,1,3,3,3,3,3,3,3,3,3,3,3
"166","Eurobridge Lines","Transatlantic",NA,NA,NA,NA,NA,NA,NA,NA,NA,NA,NA,NA,NA,2,2,2,2,2,2,2,2,2,2,2,2,2,2,2
"167","Ibertrans","Transatlantic",NA,NA,NA,NA,NA,NA,NA,NA,NA,NA,NA,NA,NA,3,3,3,3,3,3,3,3,3,3,3,3,3,3,3
"168","Incotrans","Transatlantic",NA,NA,NA,NA,NA,NA,NA,NA,NA,NA,NA,NA,NA,1,2,2,2,2,3,3,3,3,3,3,3,3,3,3
"169","Kent Line","Transatlantic",NA,NA,NA,NA,NA,NA,NA,NA,NA,NA,NA,NA,NA,1,1,1,1,1,1,1,1,1,1,1,1,1,1,1
"170","Marfret","Transatlantic",NA,NA,NA,NA,NA,NA,NA,NA,NA,NA,NA,NA,NA,1,2,2,3,3,3,3,3,3,3,3,3,3,3,3
"171","Montreal Europe Nav","Transatlantic",NA,NA,NA,NA,NA,NA,NA,NA,NA,NA,NA,NA,NA,1,1,1,1,1,1,1,1,1,1,1,1,1,1,1
"172","Quayport Line","Transatlantic",NA,NA,NA,NA,NA,NA,NA,NA,NA,NA,NA,NA,NA,1,1,1,1,1,1,1,1,1,1,1,1,1,1,1
"173","Compania Chilena de Navegacion Interoceanica","Transpacific",NA,NA,NA,NA,NA,NA,NA,NA,NA,NA,NA,NA,NA,2,2,2,2,2,2,2,2,2,2,2,2,2,2,2
"174","East Asiatic Co. A/S","Transpacific",NA,NA,NA,NA,NA,NA,NA,NA,NA,NA,NA,NA,NA,2,5,5,5,5,5,5,5,5,5,5,5,5,5,5
"175","Korea Marine Trans/NYK","Transpacific",NA,NA,NA,NA,NA,NA,NA,NA,NA,NA,NA,NA,NA,1,1,1,1,1,1,1,1,1,1,1,1,1,1,1
"176","MFECS","Transpacific",NA,NA,NA,NA,NA,NA,NA,NA,NA,NA,NA,NA,NA,1,1,1,1,1,1,1,1,1,1,1,1,1,1,1
"177","Neptune Orient Lines","Transpacific",NA,NA,NA,NA,NA,NA,NA,NA,NA,NA,NA,NA,NA,2,4,6,6,6,6,7,8,9,9,9,9,9,9,9
"178","NYK/Showa","Transpacific",NA,NA,NA,NA,NA,NA,NA,NA,NA,NA,NA,NA,NA,1,1,1,1,1,1,1,1,1,1,1,1,1,1,1
"179","Scindia","Transpacific",NA,NA,NA,NA,NA,NA,NA,NA,NA,NA,NA,NA,NA,1,3,3,3,3,3,3,3,3,3,3,3,3,3,3
"180","Hanjin","Asia and Eur",NA,NA,NA,NA,NA,NA,NA,NA,NA,NA,NA,NA,NA,NA,2,2,2,2,2,2,2,2,2,2,5,5,5,5
"181","KSC","Asia and Eur",NA,NA,NA,NA,NA,NA,NA,NA,NA,NA,NA,NA,NA,NA,2,2,2,2,2,2,2,2,2,2,2,2,2,2
"182","Lloyd Triestino","Asia and Eur",NA,NA,NA,NA,NA,NA,NA,NA,NA,NA,NA,NA,NA,NA,1,1,1,2,2,3,4,4,4,4,4,4,4,4
"183","SMTM","Asia and Eur",NA,NA,NA,NA,NA,NA,NA,NA,NA,NA,NA,NA,NA,NA,1,2,2,2,2,2,2,2,2,2,2,2,2,2
"184","Dannebrog","Transatlantic",NA,NA,NA,NA,NA,NA,NA,NA,NA,NA,NA,NA,NA,NA,4,4,4,4,4,4,4,4,4,4,4,4,4,4
"185","DFDS","Transatlantic",NA,NA,NA,NA,NA,NA,NA,NA,NA,NA,NA,NA,NA,NA,3,3,3,3,3,3,3,3,3,3,3,3,3,3
"186","Frigo","Transatlantic",NA,NA,NA,NA,NA,NA,NA,NA,NA,NA,NA,NA,NA,NA,1,1,1,1,1,1,1,1,1,1,1,1,1,1
"187","Gulf Container","Transatlantic",NA,NA,NA,NA,NA,NA,NA,NA,NA,NA,NA,NA,NA,NA,2,2,2,2,2,2,2,2,2,2,2,NA,NA,NA
"188","Laser Lines","Transatlantic",NA,NA,NA,NA,NA,NA,NA,NA,NA,NA,NA,NA,NA,NA,2,2,2,2,2,3,5,5,5,5,5,5,5,5
"189","Maersk","Transatlantic",NA,NA,NA,NA,NA,NA,NA,NA,NA,NA,NA,NA,NA,NA,1,1,1,2,2,3,3,3,3,3,3,3,3,3
"190","Ocean Lines","Transatlantic",NA,NA,NA,NA,NA,NA,NA,NA,NA,NA,NA,NA,NA,NA,4,4,4,4,4,4,4,4,4,4,4,4,4,4
"191","Transmediterranea","Transatlantic",NA,NA,NA,NA,NA,NA,NA,NA,NA,NA,NA,NA,NA,NA,4,5,5,5,5,5,5,5,5,5,5,5,5,5
"192","CC Line","Transpacific",NA,NA,NA,NA,NA,NA,NA,NA,NA,NA,NA,NA,NA,NA,2,2,2,2,2,2,2,2,2,2,2,2,2,2
"193","Lloyd Brasileiro","Transpacific",NA,NA,NA,NA,NA,NA,NA,NA,NA,NA,NA,NA,NA,NA,2,2,2,2,2,2,2,2,2,2,2,2,2,2
"194","NLS","Transpacific",NA,NA,NA,NA,NA,NA,NA,NA,NA,NA,NA,NA,NA,NA,1,1,1,1,1,1,1,1,1,1,1,1,1,1
"195","Seaboard Pacific Line","Transpacific",NA,NA,NA,NA,NA,NA,NA,NA,NA,NA,NA,NA,NA,NA,3,3,3,4,4,4,NA,NA,NA,NA,NA,NA,NA,NA
"196","TMM","Transpacific",NA,NA,NA,NA,NA,NA,NA,NA,NA,NA,NA,NA,NA,NA,4,4,4,5,5,5,7,7,8,9,9,9,9,9
"197","Transnave","Transpacific",NA,NA,NA,NA,NA,NA,NA,NA,NA,NA,NA,NA,NA,NA,1,1,1,1,1,1,1,1,1,1,1,1,1,1
"198","UASC","Transpacific",NA,NA,NA,NA,NA,NA,NA,NA,NA,NA,NA,NA,NA,NA,1,1,1,1,1,1,1,1,1,1,1,1,1,1
"199","Rickmers","Asia and Eur",NA,NA,NA,NA,NA,NA,NA,NA,NA,NA,NA,NA,NA,NA,NA,1,1,1,1,2,2,3,3,3,3,3,3,3
"200","Contemaris","Transatlantic",NA,NA,NA,NA,NA,NA,NA,NA,NA,NA,NA,NA,NA,NA,NA,1,1,1,1,2,2,2,2,2,2,2,2,2
"201","Evergreen","Transatlantic",NA,NA,NA,NA,NA,NA,NA,NA,NA,NA,NA,NA,NA,NA,NA,1,1,1,2,2,2,2,2,2,2,2,2,2
"202","Mambisa","Transatlantic",NA,NA,NA,NA,NA,NA,NA,NA,NA,NA,NA,NA,NA,NA,NA,1,1,1,1,1,1,1,1,1,1,1,1,1
"203","Rainbow","Transatlantic",NA,NA,NA,NA,NA,NA,NA,NA,NA,NA,NA,NA,NA,NA,NA,1,1,1,1,1,1,1,1,1,1,1,1,1
"204","Surinam","Transatlantic",NA,NA,NA,NA,NA,NA,NA,NA,NA,NA,NA,NA,NA,NA,NA,1,1,1,2,2,2,2,2,2,2,2,2,2
"205","Tecomar","Transatlantic",NA,NA,NA,NA,NA,NA,NA,NA,NA,NA,NA,NA,NA,NA,NA,1,1,2,3,3,3,3,3,3,3,3,3,3
"206","WEC","Transatlantic",NA,NA,NA,NA,NA,NA,NA,NA,NA,NA,NA,NA,NA,NA,NA,1,1,1,1,1,1,1,1,1,1,1,1,1
"207","CPV","Transpacific",NA,NA,NA,NA,NA,NA,NA,NA,NA,NA,NA,NA,NA,NA,NA,1,1,1,1,1,1,1,1,1,1,1,1,1
"208","NSCP","Transpacific",NA,NA,NA,NA,NA,NA,NA,NA,NA,NA,NA,NA,NA,NA,NA,1,3,3,3,3,3,3,3,3,3,3,3,3
"209","DL","Asia and Eur",NA,NA,NA,NA,NA,NA,NA,NA,NA,NA,NA,NA,NA,NA,NA,NA,1,2,3,3,3,3,3,3,3,3,3,3
"210","Omex","Asia and Eur",NA,NA,NA,NA,NA,NA,NA,NA,NA,NA,NA,NA,NA,NA,NA,NA,1,1,1,1,1,1,1,1,1,1,1,1
"211","AmTrans","Transatlantic",NA,NA,NA,NA,NA,NA,NA,NA,NA,NA,NA,NA,NA,NA,NA,NA,2,2,2,2,2,2,2,2,2,2,2,2
"212","Atlantic Cargo Service","Transatlantic",NA,NA,NA,NA,NA,NA,NA,NA,NA,NA,NA,NA,NA,NA,NA,NA,1,1,1,1,3,3,3,3,3,3,3,4
"213","Contship","Transatlantic",NA,NA,NA,NA,NA,NA,NA,NA,NA,NA,NA,NA,NA,NA,NA,NA,1,1,1,1,1,1,1,1,1,1,1,1
"214","Havenlijn","Transatlantic",NA,NA,NA,NA,NA,NA,NA,NA,NA,NA,NA,NA,NA,NA,NA,NA,1,1,1,1,1,1,1,1,1,1,1,1
"215","Lloyd Brasileiro","Transatlantic",NA,NA,NA,NA,NA,NA,NA,NA,NA,NA,NA,NA,NA,NA,NA,NA,4,6,7,8,8,9,9,9,9,9,9,9
"216","Maruba","Transatlantic",NA,NA,NA,NA,NA,NA,NA,NA,NA,NA,NA,NA,NA,NA,NA,NA,1,1,1,1,1,1,1,1,1,1,1,1
"217","Transroll","Transatlantic",NA,NA,NA,NA,NA,NA,NA,NA,NA,NA,NA,NA,NA,NA,NA,NA,1,1,1,1,1,1,1,1,1,1,1,1
"218","Japan Line","Transpacific",NA,NA,NA,NA,NA,NA,NA,NA,NA,NA,NA,NA,NA,NA,NA,NA,1,1,3,3,3,4,5,6,NA,NA,NA,NA
"219","Contship","Asia and Eur",NA,NA,NA,NA,NA,NA,NA,NA,NA,NA,NA,NA,NA,NA,NA,NA,NA,1,1,2,9,10,12,12,12,12,12,12
"220","Alianca","Transatlantic",NA,NA,NA,NA,NA,NA,NA,NA,NA,NA,NA,NA,NA,NA,NA,NA,NA,1,1,2,3,3,3,3,3,3,3,3
"221","EAC West Africa","Transatlantic",NA,NA,NA,NA,NA,NA,NA,NA,NA,NA,NA,NA,NA,NA,NA,NA,NA,1,1,1,1,1,1,1,1,1,1,1
"222","Empremar","Transatlantic",NA,NA,NA,NA,NA,NA,NA,NA,NA,NA,NA,NA,NA,NA,NA,NA,NA,1,1,1,1,1,1,1,1,1,1,1
"223","EWL","Transatlantic",NA,NA,NA,NA,NA,NA,NA,NA,NA,NA,NA,NA,NA,NA,NA,NA,NA,1,3,3,3,3,3,3,3,3,3,3
"224","Fred Olsen","Transatlantic",NA,NA,NA,NA,NA,NA,NA,NA,NA,NA,NA,NA,NA,NA,NA,NA,NA,1,2,2,2,2,2,2,2,2,2,2
"225","Hamburg-Sud","Transatlantic",NA,NA,NA,NA,NA,NA,NA,NA,NA,NA,NA,NA,NA,NA,NA,NA,NA,1,1,1,1,1,1,1,1,1,1,1
"226","CSC","Asia and Eur",NA,NA,NA,NA,NA,NA,NA,NA,NA,NA,NA,NA,NA,NA,NA,NA,NA,NA,1,2,5,5,5,5,5,5,5,5
"227","Merzario","Asia and Eur",NA,NA,NA,NA,NA,NA,NA,NA,NA,NA,NA,NA,NA,NA,NA,NA,NA,NA,1,1,1,1,1,2,2,2,2,2
"228","NSCSA","Asia and Eur",NA,NA,NA,NA,NA,NA,NA,NA,NA,NA,NA,NA,NA,NA,NA,NA,NA,NA,5,6,6,6,6,6,6,6,6,6
"229","Caribtainer","Transatlantic",NA,NA,NA,NA,NA,NA,NA,NA,NA,NA,NA,NA,NA,NA,NA,NA,NA,NA,1,2,2,2,2,2,2,2,2,2
"230","Europe Paraguay","Transatlantic",NA,NA,NA,NA,NA,NA,NA,NA,NA,NA,NA,NA,NA,NA,NA,NA,NA,NA,4,4,4,4,4,4,4,4,4,4
"231","PNSC","Transpacific",NA,NA,NA,NA,NA,NA,NA,NA,NA,NA,NA,NA,NA,NA,NA,NA,NA,NA,1,1,1,1,1,1,1,1,1,1
"232","Independent","Transatlantic",NA,NA,NA,NA,NA,NA,NA,NA,NA,NA,NA,NA,NA,NA,NA,NA,NA,NA,NA,1,1,2,3,3,3,3,3,3
"233","PSNC","Transatlantic",NA,NA,NA,NA,NA,NA,NA,NA,NA,NA,NA,NA,NA,NA,NA,NA,NA,NA,NA,1,1,1,1,1,1,1,1,1
"234","Transnave","Transatlantic",NA,NA,NA,NA,NA,NA,NA,NA,NA,NA,NA,NA,NA,NA,NA,NA,NA,NA,NA,1,1,1,1,1,1,1,1,1
"235","Kyowa","Transpacific",NA,NA,NA,NA,NA,NA,NA,NA,NA,NA,NA,NA,NA,NA,NA,NA,NA,NA,NA,1,1,1,1,1,1,1,1,1
"236","Compagnie maritime d'affretement","Asia and Eur",NA,NA,NA,NA,NA,NA,NA,NA,NA,NA,NA,NA,NA,NA,NA,NA,NA,NA,NA,NA,1,3,5,8,8,8,8,8
"237","Booth","Transatlantic",NA,NA,NA,NA,NA,NA,NA,NA,NA,NA,NA,NA,NA,NA,NA,NA,NA,NA,NA,NA,1,2,2,2,2,2,2,2
"238","Compagnie Maritime Belge","Transatlantic",NA,NA,NA,NA,NA,NA,NA,NA,NA,NA,NA,NA,NA,NA,NA,NA,NA,NA,NA,NA,1,1,1,1,1,1,1,1
"239","CTC","Transatlantic",NA,NA,NA,NA,NA,NA,NA,NA,NA,NA,NA,NA,NA,NA,NA,NA,NA,NA,NA,NA,3,3,3,3,3,3,3,3
"240","Samband","Transatlantic",NA,NA,NA,NA,NA,NA,NA,NA,NA,NA,NA,NA,NA,NA,NA,NA,NA,NA,NA,NA,1,1,1,1,1,1,1,1
"241","Topgallant","Transatlantic",NA,NA,NA,NA,NA,NA,NA,NA,NA,NA,NA,NA,NA,NA,NA,NA,NA,NA,NA,NA,1,2,2,2,2,2,2,2
"242","GBCS","Transpacific",NA,NA,NA,NA,NA,NA,NA,NA,NA,NA,NA,NA,NA,NA,NA,NA,NA,NA,NA,NA,3,3,3,3,3,3,3,3
"243","Conship","Asia and Eur",NA,NA,NA,NA,NA,NA,NA,NA,NA,NA,NA,NA,NA,NA,NA,NA,NA,NA,NA,NA,NA,1,1,1,1,1,1,1
"244","DSR","Asia and Eur",NA,NA,NA,NA,NA,NA,NA,NA,NA,NA,NA,NA,NA,NA,NA,NA,NA,NA,NA,NA,NA,4,7,8,8,8,8,8
"245","Norasia","Asia and Eur",NA,NA,NA,NA,NA,NA,NA,NA,NA,NA,NA,NA,NA,NA,NA,NA,NA,NA,NA,NA,NA,3,5,7,10,10,10,10
"246","Brisa","Transatlantic",NA,NA,NA,NA,NA,NA,NA,NA,NA,NA,NA,NA,NA,NA,NA,NA,NA,NA,NA,NA,NA,1,1,1,1,1,1,1
"247","MOL/NYK","Transpacific",NA,NA,NA,NA,NA,NA,NA,NA,NA,NA,NA,NA,NA,NA,NA,NA,NA,NA,NA,NA,NA,1,1,1,1,1,1,1
"248","Westwood","Transpacific",NA,NA,NA,NA,NA,NA,NA,NA,NA,NA,NA,NA,NA,NA,NA,NA,NA,NA,NA,NA,NA,2,4,4,4,4,4,4
"249","Cho Yang","Asia and Eur",NA,NA,NA,NA,NA,NA,NA,NA,NA,NA,NA,NA,NA,NA,NA,NA,NA,NA,NA,NA,NA,NA,1,1,3,3,3,3
"250","Wan Hai","Asia and Eur",NA,NA,NA,NA,NA,NA,NA,NA,NA,NA,NA,NA,NA,NA,NA,NA,NA,NA,NA,NA,NA,NA,1,1,1,1,1,1
"251","Grimaldi","Transatlantic",NA,NA,NA,NA,NA,NA,NA,NA,NA,NA,NA,NA,NA,NA,NA,NA,NA,NA,NA,NA,NA,NA,2,2,2,2,2,2
"252","Nissan","Transpacific",NA,NA,NA,NA,NA,NA,NA,NA,NA,NA,NA,NA,NA,NA,NA,NA,NA,NA,NA,NA,NA,NA,2,2,2,2,2,2
"253","UMAG","Transatlantic",NA,NA,NA,NA,NA,NA,NA,NA,NA,NA,NA,NA,NA,NA,NA,NA,NA,NA,NA,NA,NA,NA,NA,1,1,1,1,1
